Date,QQQ,VOO,HOOD,SOFI,BTC,ETH
2021-08-04,358.2164611816406,380.4695739746094,70.38999938964844,16.389999389648438,,
2021-08-05,360.4886474609375,382.8450012207031,50.970001220703125,16.059999465942383,,
2021-08-06,358.90887451171875,383.5047302246094,55.0099983215332,16.709999084472656,,
2021-08-09,359.5721130371094,383.13714599609375,56.83000183105469,16.90999984741211,,
2021-08-10,357.72894287109375,383.617919921875,53.939998626708984,16.989999771118164,,
2021-08-11,357.1146545410156,384.5416564941406,51.189998626708984,16.899999618530273,,
2021-08-12,358.4018249511719,385.6633605957031,48.099998474121094,17.459999084472656,,
2021-08-13,359.65972900390625,386.4267883300781,50.630001068115234,14.989999771118164,,
2021-08-16,359.8157958984375,387.35052490234375,47.189998626708984,14.289999961853027,,
2021-08-17,356.646484375,384.79608154296875,46.66999816894531,13.75,,
2021-08-18,353.2139587402344,380.6581726074219,49.79999923706055,14.220000267028809,,
2021-08-19,354.92047119140625,381.1954345703125,44.689998626708984,13.819999694824219,,
2021-08-20,358.5968322753906,384.21173095703125,42.63999938964844,14.039999961853027,,
2021-08-23,363.96026611328125,387.614501953125,45.290000915527344,14.430000305175781,,
2021-08-24,365.0718994140625,388.22723388671875,49.380001068115234,14.760000228881836,,
2021-08-25,365.4912109375,388.94354248046875,48.97999954223633,14.850000381469727,,
2021-08-26,363.17034912109375,386.6719665527344,46.86000061035156,14.359999656677246,,
2021-08-27,366.7004089355469,390.1029968261719,46.869998931884766,14.039999961853027,,
2021-08-30,370.8156433105469,391.8939208984375,43.63999938964844,14.1899995803833,,
2021-08-31,370.51336669921875,391.22467041015625,44.31999969482422,14.180000305175781,,
2021-09-01,371.1276550292969,391.63946533203125,44.56999969482422,14.569999694824219,,
2021-09-02,370.9521484375,392.8082275390625,44.4900016784668,15.0600004196167,,
2021-09-03,372.0931091308594,392.65740966796875,43.349998474121094,15.15999984741211,,
2021-09-07,372.61968994140625,391.205810546875,42.130001068115234,15.84000015258789,,
2021-09-08,371.32275390625,390.8287353515625,40.04999923706055,15.470000267028809,,
2021-09-09,370.0452575683594,389.0755615234375,41.279998779296875,15.6899995803833,,
2021-09-10,367.23675537109375,386.06866455078125,41.16999816894531,15.289999961853027,,
2021-09-13,366.98321533203125,386.9735412597656,40.599998474121094,15.010000228881836,,
2021-09-14,365.9398193359375,384.9658508300781,40.02000045776367,14.5,,
2021-09-15,368.6605224609375,388.1800537109375,41.869998931884766,15.449999809265137,,
2021-09-16,368.9140930175781,387.5107727050781,41.95000076293945,15.5,,
2021-09-17,364.5452880859375,383.7121276855469,42.380001068115234,15.09000015258789,,
2021-09-20,357.0126037597656,377.4438781738281,40.70000076293945,14.569999694824219,,
2021-09-21,357.4519348144531,377.0762939453125,42.290000915527344,15.170000076293945,,
2021-09-22,360.7906799316406,380.71466064453125,46.880001068115234,16.84000015258789,,
2021-09-23,364.1197204589844,385.3145446777344,45.939998626708984,17.139999389648438,,
2021-09-24,364.46136474609375,385.95556640625,44.90999984741211,17.639999389648438,,
2021-09-27,361.5522155761719,384.86212158203125,44.7599983215332,17.700000762939453,,
2021-09-28,351.32110595703125,377.17059326171875,44.619998931884766,17.040000915527344,,
2021-09-29,350.74517822265625,377.764404296875,43.130001068115234,16.010000228881836,,
2021-09-30,349.4565124511719,372.9792785644531,42.08000183105469,15.880000114440918,,
2021-10-01,351.6237487792969,377.44287109375,41.900001525878906,16.450000762939453,,
2021-10-04,344.24334716796875,372.799560546875,40.93000030517578,16.09000015258789,,
2021-10-05,348.8902587890625,376.4215087890625,42.0099983215332,16.25,,
2021-10-06,351.1258850097656,378.0954284667969,42.060001373291016,16.6200008392334,,
2021-10-07,354.34747314453125,381.3485412597656,41.84000015258789,16.399999618530273,,
2021-10-08,352.5804748535156,380.6297912597656,41.779998779296875,16.209999084472656,,
2021-10-11,349.87628173828125,377.8589782714844,42.06999969482422,18.389999389648438,,
2021-10-12,348.6559753417969,377.10235595703125,40.529998779296875,18.969999313354492,,
2021-10-13,351.44805908203125,378.31292724609375,40.52000045776367,18.920000076293945,,
2021-10-14,357.92059326171875,384.66796875,40.93000030517578,19.6200008392334,,
2021-10-15,360.1756896972656,387.6657409667969,41.029998779296875,19.3799991607666,,
2021-10-18,363.79754638671875,388.84783935546875,40.650001525878906,20.850000381469727,,
2021-10-19,366.550537109375,391.87408447265625,41.70000076293945,20.219999313354492,,
2021-10-20,366.0721740722656,393.3966979980469,41.83000183105469,21.049999237060547,,
2021-10-21,368.3077697753906,394.3612365722656,41.279998779296875,20.989999771118164,,
2021-10-22,365.21307373046875,393.964111328125,39.59000015258789,20.579999923706055,,
2021-10-25,368.9521484375,396.00677490234375,39.0099983215332,20.690000534057617,,
2021-10-26,370.11376953125,396.38494873046875,39.56999969482422,19.959999084472656,,
2021-10-27,370.9728698730469,394.6638488769531,35.439998626708984,19.25,,
2021-10-28,375.0927429199219,398.52227783203125,35.470001220703125,19.90999984741211,,
2021-10-29,376.937744140625,399.2315368652344,34.970001220703125,20.09000015258789,,
2021-11-01,378.2264099121094,400.07318115234375,34.849998474121094,22.6200008392334,,
2021-11-02,379.8079528808594,401.6241149902344,34.9900016784668,22.68000030517578,,
2021-11-03,383.83984375,404.0451354980469,37.040000915527344,22.959999084472656,,
2021-11-04,388.7601013183594,405.9365234375,37.06999969482422,23.290000915527344,,
2021-11-05,389.1310729980469,407.3171081542969,37.0099983215332,22.56999969482422,,
2021-11-08,388.6039123535156,407.80889892578125,37.97999954223633,22.739999771118164,,
2021-11-09,385.9289245605469,406.3809509277344,36.70000076293945,22.139999389648438,,
2021-11-10,380.25701904296875,403.10882568359375,34.4900016784668,20.420000076293945,,
2021-11-11,381.3113098144531,403.2411804199219,34.16999816894531,22.969999313354492,,
2021-11-12,385.3238220214844,406.23907470703125,35.209999084472656,22.760000228881836,,
2021-11-15,385.23583984375,406.4281921386719,34.959999084472656,22.920000076293945,,
2021-11-16,387.97906494140625,407.97918701171875,33.869998931884766,21.670000076293945,,
2021-11-17,388.18414306640625,406.99566650390625,32.880001068115234,21.1200008392334,,
2021-11-18,392.2062683105469,408.40472412109375,30.530000686645508,20.56999969482422,,
2021-11-19,394.39300537109375,407.6386413574219,28.989999771118164,20.3700008392334,,
2021-11-22,389.814453125,406.5605773925781,27.84000015258789,18.75,,
2021-11-23,388.0377502441406,407.0901794433594,27.649999618530273,17.809999465942383,,
2021-11-24,389.2872619628906,408.0926208496094,27.979999542236328,18.329999923706055,,
2021-11-26,381.9068603515625,399.212646484375,27.920000076293945,18.209999084472656,,
2021-11-29,390.1952209472656,404.03558349609375,27.06999969482422,18.43000030517578,,
2021-11-30,384.46466064453125,396.2999572753906,25.940000534057617,17.200000762939453,,
2021-12-01,377.92376708984375,391.74169921875,23.93000030517578,16.389999389648438,,
2021-12-02,380.64752197265625,397.7183837890625,24.200000762939453,16.43000030517578,,
2021-12-03,374.028564453125,394.2004699707031,21.549999237060547,15.1899995803833,,
2021-12-06,377.0256652832031,398.9100341796875,21.899999618530273,15.720000267028809,,
2021-12-07,388.3793640136719,407.10906982421875,22.729999542236328,16.6200008392334,,
2021-12-08,390.1170654296875,408.2533874511719,23.719999313354492,16.940000534057617,,
2021-12-09,384.3767395019531,405.4730529785156,21.90999984741211,15.65999984741211,,
2021-12-10,388.5550537109375,409.3409423828125,20.1299991607666,15.010000228881836,,
2021-12-13,382.94171142578125,405.70947265625,19.700000762939453,14.579999923706055,,
2021-12-14,378.9781799316406,402.94805908203125,19.1299991607666,14.479999542236328,,
2021-12-15,387.61785888671875,409.24639892578125,19.5,15.15999984741211,,
2021-12-16,377.6504821777344,405.5486755371094,18.139999389648438,14.270000457763672,,
2021-12-17,375.7663269042969,401.3404235839844,19.100000381469727,14.649999618530273,,
2021-12-20,372.1212463378906,396.9997253417969,18.030000686645508,14.59000015258789,,
2021-12-21,380.44940185546875,404.04534912109375,18.93000030517578,14.970000267028809,,
2021-12-22,385.082763671875,408.12664794921875,18.3799991607666,14.989999771118164,,
2021-12-23,387.9858703613281,410.64190673828125,18.899999618530273,15.09000015258789,,
2021-12-27,394.3983154296875,416.4981994628906,18.440000534057617,15.390000343322754,,
2021-12-28,392.5703125,416.1849670410156,17.450000762939453,14.850000381469727,,
2021-12-29,392.5116882324219,416.6880187988281,17.110000610351562,14.470000267028809,,
2021-12-30,391.3387451171875,415.5110778808594,18.200000762939453,15.949999809265137,,
2021-12-31,388.89501953125,414.37213134765625,17.760000228881836,15.8100004196167,,
2022-01-03,392.6387634277344,416.915771484375,18.440000534057617,15.680000305175781,,
2022-01-04,387.5459899902344,416.7449645996094,17.399999618530273,15.050000190734863,,
2022-01-05,375.6401672363281,408.7625732421875,15.979999542236328,14.100000381469727,,
2022-01-06,375.376220703125,408.21197509765625,15.579999923706055,13.779999732971191,,
2022-01-07,371.3099060058594,406.79779052734375,15.890000343322754,13.739999771118164,,
2022-01-10,371.55426025390625,406.2663269042969,15.609999656677246,13.369999885559082,,
2022-01-11,377.1357421875,409.82562255859375,16.40999984741211,13.9399995803833,,
2022-01-12,378.6312255859375,411.050048828125,16.25,13.859999656677246,,
2022-01-13,369.1594543457031,405.3836669921875,15.300000190734863,13.09000015258789,,
2022-01-14,371.4565124511719,405.5069885253906,15.170000076293945,13.199999809265137,,
2022-01-18,362.2095031738281,398.3978576660156,14.399999618530273,12.0600004196167,,
2022-01-19,358.2310485839844,394.21197509765625,13.890000343322754,13.710000038146973,,
2022-01-20,353.57818603515625,389.87445068359375,13.6899995803833,15.0,,
2022-01-21,343.7739562988281,382.21478271484375,12.979999542236328,13.890000343322754,,
2022-01-24,345.3476867675781,383.809326171875,13.119999885559082,13.300000190734863,,
2022-01-25,337.342041015625,379.14892578125,13.050000190734863,12.760000228881836,,
2022-01-26,336.814208984375,378.294677734375,12.40999984741211,12.579999923706055,,
2022-01-27,333.4223937988281,376.3774719238281,11.609999656677246,11.359999656677246,,
2022-01-28,343.8814697265625,385.6032409667969,12.729999542236328,11.100000381469727,,
2022-01-31,354.8783264160156,392.6553649902344,14.149999618530273,12.479999542236328,,
2022-02-01,357.2926330566406,395.2181701660156,14.649999618530273,13.270000457763672,,
2022-02-02,360.19586181640625,398.9862060546875,14.020000457763672,12.15999984741211,,
2022-02-03,345.59210205078125,389.7129821777344,14.149999618530273,11.569999694824219,,
2022-02-04,349.95172119140625,391.5448913574219,15.180000305175781,11.890000343322754,,
2022-02-07,347.1365051269531,390.2541198730469,13.90999984741211,11.720000267028809,,
2022-02-08,351.0367431640625,393.4146728515625,13.380000114440918,12.130000114440918,,
2022-02-09,358.4754943847656,399.18560791015625,13.90999984741211,12.859999656677246,,
2022-02-10,350.3622741699219,392.17132568359375,13.520000457763672,12.390000343322754,,
2022-02-11,339.24822998046875,384.3503723144531,13.319999694824219,12.399999618530273,,
2022-02-14,339.6684875488281,383.097412109375,13.350000381469727,12.0,,
2022-02-15,348.114013671875,389.2479553222656,13.670000076293945,12.579999923706055,,
2022-02-16,348.0260009765625,389.7129821777344,13.510000228881836,13.079999923706055,,
2022-02-17,337.6744079589844,381.4269104003906,12.25,12.180000305175781,,
2022-02-18,333.8230895996094,378.98760986328125,11.8100004196167,11.390000343322754,,
2022-02-22,330.4703369140625,374.83984375,11.3100004196167,10.260000228881836,,
2022-02-23,322.0052490234375,368.0913391113281,10.859999656677246,9.819999694824219,,
2022-02-24,332.8260192871094,373.748291015625,11.510000228881836,10.329999923706055,,
2022-02-25,337.98724365234375,381.9110107421875,11.609999656677246,10.670000076293945,,
2022-02-28,338.9940185546875,380.9523620605469,12.010000228881836,11.449999809265137,,
2022-03-01,333.80352783203125,375.23846435546875,11.770000457763672,11.199999809265137,,
2022-03-02,339.4045104980469,382.12933349609375,11.489999771118164,11.579999923706055,,
2022-03-03,334.5562438964844,380.21197509765625,11.380000114440918,10.6899995803833,,
2022-03-04,329.7077941894531,377.13677978515625,10.960000038146973,10.0,,
2022-03-07,317.5478515625,366.0031433105469,11.420000076293945,9.619999885559082,,
2022-03-08,316.07183837890625,363.2412109375,11.75,9.720000267028809,,
2022-03-09,327.4498596191406,372.9225158691406,12.420000076293945,9.869999885559082,,
2022-03-10,323.8135986328125,371.261474609375,12.050000190734863,9.40999984741211,,
2022-03-11,317.0981140136719,366.5252685546875,11.020000457763672,8.550000190734863,,
2022-03-14,311.0085144042969,363.8486022949219,10.649999618530273,7.929999828338623,,
2022-03-15,320.7637939453125,371.83099365234375,11.039999961853027,8.199999809265137,,
2022-03-16,332.6598815917969,380.1455078125,12.779999732971191,8.569999694824219,,
2022-03-17,336.6871337890625,384.79638671875,13.390000343322754,8.90999984741211,,
2022-03-18,343.5784912109375,389.04864501953125,13.4399995803833,9.869999885559082,,
2022-03-21,342.623291015625,389.0676574707031,13.050000190734863,9.569999694824219,,
2022-03-22,349.356689453125,393.5855712890625,13.420000076293945,9.720000267028809,,
2022-03-23,344.3359069824219,388.5171203613281,13.079999923706055,9.369999885559082,,
2022-03-24,351.9894104003906,394.2921447753906,12.960000038146973,9.470000267028809,,
2022-03-25,351.69580078125,396.2921447753906,12.390000343322754,9.010000228881836,,
2022-03-28,357.1374206542969,399.02532958984375,12.8100004196167,9.25,,
2022-03-29,363.2835998535156,404.07281494140625,15.90999984741211,10.140000343322754,,
2022-03-30,359.27093505859375,401.55865478515625,14.5600004196167,9.770000457763672,,
2022-03-31,354.81787109375,395.3873291015625,13.510000228881836,9.449999809265137,,
2022-04-01,354.142578125,396.4825744628906,13.5,9.329999923706055,,
2022-04-04,361.43389892578125,399.84442138671875,13.829999923706055,9.770000457763672,,
2022-04-05,353.4085693359375,394.90167236328125,13.029999732971191,9.119999885559082,,
2022-04-06,345.73553466796875,390.90185546875,12.510000228881836,8.75,,
2022-04-07,346.5576477050781,392.8731994628906,12.069999694824219,8.119999885559082,,
2022-04-08,341.7129821777344,391.9208068847656,11.239999771118164,7.869999885559082,,
2022-04-11,333.6290283203125,385.13055419921875,11.350000381469727,7.71999979019165,,
2022-04-12,332.2196960449219,383.7210998535156,11.430000305175781,7.480000019073486,,
2022-04-13,338.9726867675781,388.05426025390625,11.890000343322754,7.610000133514404,,
2022-04-14,331.2214660644531,383.34014892578125,11.380000114440918,7.260000228881836,,
2022-04-18,331.4758605957031,383.4068298339844,10.989999771118164,7.130000114440918,,
2022-04-19,338.8846435546875,389.5303955078125,11.5600004196167,7.409999847412109,,
2022-04-20,333.94219970703125,389.23516845703125,10.710000038146973,6.949999809265137,,
2022-04-21,327.03253173828125,383.4639587402344,10.4399995803833,6.599999904632568,,
2022-04-22,318.46893310546875,372.99761962890625,10.260000228881836,6.389999866485596,,
2022-04-25,322.5599060058594,375.03564453125,10.390000343322754,6.550000190734863,,
2022-04-26,310.3848876953125,364.3121643066406,10.0,6.289999961853027,,
2022-04-27,310.01300048828125,365.2549743652344,9.510000228881836,6.150000095367432,,
2022-04-28,321.0233459472656,374.4070739746094,10.09000015258789,6.449999809265137,,
2022-04-29,306.5777587890625,360.65509033203125,9.805000305175781,6.119999885559082,,
2022-05-02,311.69635009765625,362.9217224121094,10.479999542236328,6.329999923706055,,
2022-05-03,312.0291442871094,364.4931945800781,10.100000381469727,6.400000095367432,,
2022-05-04,322.5794677734375,375.5499267578125,10.899999618530273,7.139999866485596,,
2022-05-05,306.33306884765625,362.3598937988281,10.609999656677246,6.829999923706055,,
2022-05-06,302.6629943847656,360.08380126953125,10.119999885559082,6.440000057220459,,
2022-05-09,290.8206481933594,348.4649963378906,9.5,5.96999979019165,,
2022-05-10,294.3537292480469,349.3602600097656,9.270000457763672,5.25,,
2022-05-11,285.6237487792969,343.7318420410156,8.149999618530273,5.489999771118164,,
2022-05-12,284.94842529296875,343.4652099609375,8.5600004196167,5.659999847412109,,
2022-05-13,295.5085754394531,351.5697326660156,10.6899995803833,6.75,,
2022-05-16,292.08319091796875,350.3126220703125,10.109999656677246,6.909999847412109,,
2022-05-17,299.6485595703125,357.3218994140625,10.0600004196167,7.050000190734863,,
2022-05-18,284.9387512207031,343.1700439453125,9.729999542236328,7.230000019073486,,
2022-05-19,283.411865234375,340.8748474121094,10.210000038146973,7.75,,
2022-05-20,282.53106689453125,340.9605407714844,10.079999923706055,7.489999771118164,,
2022-05-23,287.22882080078125,347.42694091796875,10.0600004196167,7.269999980926514,,
2022-05-24,281.1217041015625,344.92230224609375,9.109999656677246,6.71999979019165,,
2022-05-25,285.05615234375,347.7984619140625,9.229999542236328,7.010000228881836,,
2022-05-26,292.95428466796875,354.7125244140625,9.279999732971191,7.139999866485596,,
2022-05-27,302.51611328125,363.6073913574219,10.380000114440918,7.550000190734863,,
2022-05-31,301.71356201171875,361.58843994140625,10.0600004196167,7.480000019073486,,
2022-06-01,299.482177734375,358.5599670410156,9.369999885559082,7.050000190734863,,
2022-06-02,307.6837158203125,365.3692932128906,9.699999809265137,7.420000076293945,,
2022-06-03,299.67791748046875,359.4552307128906,9.170000076293945,6.980000019073486,,
2022-06-06,300.67620849609375,360.43609619140625,9.109999656677246,6.860000133514404,,
2022-06-07,303.2697448730469,363.9598083496094,8.720000267028809,6.860000133514404,,
2022-06-08,301.0873107910156,359.9789733886719,8.380000114440918,6.659999847412109,,
2022-06-09,293.0227355957031,351.5125427246094,8.029999732971191,6.110000133514404,,
2022-06-10,282.6877136230469,341.1986389160156,7.809999942779541,5.940000057220459,,
2022-06-13,269.543701171875,328.046630859375,7.230000019073486,5.610000133514404,,
2022-06-14,270.0330810546875,327.2276306152344,7.230000019073486,5.925000190734863,,
2022-06-15,276.7762756347656,331.9132080078125,7.050000190734863,5.940000057220459,,
2022-06-16,265.6094055175781,321.0087585449219,6.889999866485596,5.46999979019165,,
2022-06-17,268.83905029296875,321.8468933105469,7.190000057220459,5.699999809265137,,
2022-06-21,275.6217956542969,329.7323303222656,7.550000190734863,5.71999979019165,,
2022-06-22,275.2197570800781,329.037109375,7.489999771118164,5.599999904632568,,
2022-06-23,279.318603515625,332.4941101074219,7.980000019073486,5.78000020980835,,
2022-06-24,288.8890075683594,342.84619140625,8.0,6.130000114440918,,
2022-06-27,286.77093505859375,341.560546875,9.119999885559082,5.929999828338623,,
2022-06-28,278.0340270996094,334.1798095703125,8.864999771118164,5.559999942779541,,
2022-06-29,278.2889099121094,334.34429931640625,8.470000267028809,5.539999961853027,,
2022-06-30,274.8373107910156,331.70501708984375,8.220000267028809,5.269999980926514,,
2022-07-01,276.6513671875,335.1092834472656,8.180000305175781,5.409999847412109,,
2022-07-05,281.38763427734375,335.7021484375,8.399999618530273,5.840000152587891,,
2022-07-06,283.19183349609375,336.9165954589844,8.630000114440918,5.900000095367432,,
2022-07-07,289.25189208984375,341.8604431152344,9.020000457763672,6.260000228881836,,
2022-07-08,289.61468505859375,341.65960693359375,9.0,6.190000057220459,,
2022-07-11,283.42718505859375,337.7964172363281,8.34000015258789,6.010000228881836,,
2022-07-12,280.68157958984375,334.6789855957031,8.399999618530273,6.039999961853027,,
2022-07-13,280.10296630859375,333.1202697753906,8.359999656677246,5.949999809265137,,
2022-07-14,281.103271484375,332.2405090332031,8.239999771118164,5.909999847412109,,
2022-07-15,286.2022399902344,338.52313232421875,8.40999984741211,6.289999961853027,,
2022-07-18,283.7801513671875,335.7212829589844,8.619999885559082,6.349999904632568,,
2022-07-19,292.5073547363281,344.8343811035156,9.029999732971191,6.619999885559082,,
2022-07-20,297.1454772949219,347.04339599609375,9.40999984741211,6.96999979019165,,
2022-07-21,301.4110107421875,350.5527648925781,9.40999984741211,7.039999961853027,,
2022-07-22,296.125732421875,347.35888671875,9.079999923706055,6.619999885559082,,
2022-07-25,294.43914794921875,347.703125,8.890000343322754,6.460000038146973,,
2022-07-26,288.6536560058594,343.5338439941406,8.430000305175781,6.139999866485596,,
2022-07-27,300.8520812988281,352.5321960449219,8.899999618530273,6.440000057220459,,
2022-07-28,303.79388427734375,356.9883728027344,9.109999656677246,6.300000190734863,,
2022-07-29,309.33416748046875,362.21905517578125,9.050000190734863,6.309999942779541,,
2022-08-01,309.1478271484375,361.1289367675781,9.039999961853027,6.360000133514404,,
2022-08-02,308.2260437011719,358.7956848144531,9.229999542236328,6.409999847412109,,
2022-08-03,316.619873046875,364.3992614746094,10.3100004196167,8.229999542236328,,
2022-08-04,318.1004638671875,364.1123962402344,10.880000114440918,8.229999542236328,,
2022-08-05,315.501953125,363.3570251464844,10.399999618530273,7.960000038146973,,
2022-08-08,314.482177734375,363.0318603515625,10.680000305175781,7.980000019073486,,
2022-08-09,310.92266845703125,361.59747314453125,10.100000381469727,7.389999866485596,,
2022-08-10,319.6008605957031,369.1710205078125,10.579999923706055,7.809999942779541,,
2022-08-11,317.7867736816406,369.1710205078125,10.510000228881836,7.420000076293945,,
2022-08-12,323.9742431640625,375.4918518066406,10.930000305175781,7.650000095367432,,
2022-08-15,326.59234619140625,377.098388671875,11.010000228881836,7.619999885559082,,
2022-08-16,325.82745361328125,377.7581481933594,10.899999618530273,7.579999923706055,,
2022-08-17,322.1111145019531,375.17626953125,10.420000076293945,6.880000114440918,,
2022-08-18,322.8857421875,376.3332824707031,10.170000076293945,6.679999828338623,,
2022-08-19,316.5904235839844,371.1408996582031,9.260000228881836,6.329999923706055,,
2022-08-22,308.2554931640625,363.3187561035156,9.039999961853027,6.099999904632568,,
2022-08-23,308.00054931640625,362.4581298828125,9.180000305175781,6.170000076293945,,
2022-08-24,308.89288330078125,363.557861328125,9.319999694824219,6.449999809265137,,
2022-08-25,314.3547058105469,368.85546875,9.8100004196167,6.690000057220459,,
2022-08-26,301.4698791503906,356.2137451171875,9.380000114440918,6.179999828338623,,
2022-08-29,298.4987487792969,353.86138916015625,9.380000114440918,6.0,,
2022-08-30,295.174560546875,350.0172424316406,9.470000267028809,5.909999847412109,,
2022-08-31,293.45855712890625,347.26324462890625,9.550000190734863,5.920000076293945,,
2022-09-01,293.5860290527344,348.3342590332031,9.630000114440918,5.849999904632568,,
2022-09-02,289.4381408691406,344.681396484375,9.449999809265137,5.739999771118164,,
2022-09-06,287.3593444824219,343.5243225097656,9.569999694824219,5.650000095367432,,
2022-09-07,293.1643371582031,349.6825866699219,9.850000381469727,5.820000171661377,,
2022-09-08,294.6842346191406,351.968017578125,10.100000381469727,6.190000057220459,,
2022-09-09,301.12664794921875,357.3995361328125,10.600000381469727,6.329999923706055,,
2022-09-12,304.705810546875,361.3297424316406,11.010000228881836,6.409999847412109,,
2022-09-13,287.9966735839844,345.5706787109375,10.40999984741211,5.840000152587891,,
2022-09-14,290.2814636230469,346.8616638183594,10.779999732971191,6.170000076293945,,
2022-09-15,285.4471740722656,342.98876953125,11.25,6.409999847412109,,
2022-09-16,283.7018127441406,340.29217529296875,10.25,6.050000190734863,,
2022-09-19,285.91107177734375,342.9027099609375,10.260000228881836,6.079999923706055,,
2022-09-20,283.63201904296875,339.03948974609375,9.9399995803833,5.889999866485596,,
2022-09-21,278.55328369140625,333.07244873046875,9.920000076293945,5.690000057220459,,
2022-09-22,275.1249084472656,330.26104736328125,9.649999618530273,5.360000133514404,,
2022-09-23,270.6454162597656,324.7721862792969,9.4399995803833,5.309999942779541,,
2022-09-26,269.5255432128906,321.6260986328125,9.239999771118164,5.079999923706055,,
2022-09-27,269.6336364746094,320.71771240234375,9.609999656677246,5.079999923706055,,
2022-09-28,274.99713134765625,327.0173645019531,10.010000228881836,5.25,,
2022-09-29,267.06964111328125,320.1980895996094,9.770000457763672,4.840000152587891,,
2022-09-30,262.5411071777344,315.31890869140625,10.100000381469727,4.880000114440918,,
2022-10-03,268.70037841796875,323.6557312011719,10.100000381469727,5.130000114440918,,
2022-10-04,277.1485595703125,333.481201171875,10.819999694824219,5.400000095367432,,
2022-10-05,277.0011901855469,332.9049072265625,10.760000228881836,5.28000020980835,,
2022-10-06,274.8204040527344,329.3992614746094,11.170000076293945,5.289999961853027,,
2022-10-07,264.3486022949219,320.1500244140625,10.800000190734863,5.010000228881836,,
2022-10-10,261.7060852050781,317.758544921875,10.520000457763672,4.96999979019165,,
2022-10-11,258.1107177734375,315.66473388671875,10.4399995803833,5.0,,
2022-10-12,258.0223388671875,314.6850280761719,10.65999984741211,5.079999923706055,,
2022-10-13,264.07354736328125,322.9258117675781,10.630000114440918,5.090000152587891,,
2022-10-14,256.1361999511719,315.65509033203125,9.890000343322754,4.809999942779541,,
2022-10-17,264.59417724609375,323.6749267578125,10.210000038146973,5.070000171661377,,
2022-10-18,266.68658447265625,327.48797607421875,10.4399995803833,5.25,,
2022-10-19,265.71405029296875,325.2213134765625,10.109999656677246,4.989999771118164,,
2022-10-20,264.3584289550781,322.55120849609375,9.829999923706055,5.010000228881836,,
2022-10-21,270.5569763183594,330.3020935058594,10.140000343322754,5.150000095367432,,
2022-10-24,273.5335388183594,334.326416015625,10.210000038146973,5.170000076293945,,
2022-10-25,279.1917724609375,339.76263427734375,10.829999923706055,5.659999847412109,,
2022-10-26,273.0226745605469,337.2270202636719,11.079999923706055,5.539999961853027,,
2022-10-27,268.0520935058594,335.4213562011719,11.15999984741211,5.349999904632568,,
2022-10-28,276.2546081542969,343.2491149902344,11.5,5.449999809265137,,
2022-10-31,273.0423278808594,340.91522216796875,11.680000305175781,5.440000057220459,,
2022-11-01,270.2524108886719,339.5417785644531,11.920000076293945,5.730000019073486,,
2022-11-02,260.9889831542969,330.8783874511719,11.399999618530273,5.119999885559082,,
2022-11-03,255.89065551757812,327.3534851074219,12.329999923706055,5.360000133514404,,
2022-11-04,260.0066223144531,332.14617919921875,12.279999732971191,5.179999828338623,,
2022-11-07,262.8652648925781,335.3349609375,12.029999732971191,5.179999828338623,,
2022-11-08,264.7808532714844,337.1598205566406,9.739999771118164,5.099999904632568,,
2022-11-09,258.67071533203125,330.27325439453125,8.399999618530273,4.980000019073486,,
2022-11-10,277.75762939453125,348.34918212890625,9.270000457763672,5.340000152587891,,
2022-11-11,282.8755798339844,351.68194580078125,10.470000267028809,5.949999809265137,,
2022-11-14,280.400146484375,348.8581848144531,9.5600004196167,5.860000133514404,,
2022-11-15,284.2803955078125,351.7395324707031,10.149999618530273,5.849999904632568,,
2022-11-16,280.400146484375,349.0694885253906,9.319999694824219,5.53000020980835,,
2022-11-17,279.7812805175781,348.0610046386719,9.470000267028809,5.380000114440918,,
2022-11-18,279.7910461425781,349.59771728515625,9.1899995803833,5.179999828338623,,
2022-11-21,276.912841796875,348.36834716796875,8.850000381469727,4.869999885559082,,
2022-11-22,280.9010925292969,353.0073547363281,9.09000015258789,4.639999866485596,,
2022-11-23,283.72039794921875,355.2164611816406,9.460000038146973,4.659999847412109,,
2022-11-25,281.85400390625,355.1780700683594,9.390000343322754,4.599999904632568,,
2022-11-28,277.71832275390625,349.5593566894531,9.1899995803833,4.449999809265137,,
2022-11-29,275.6160583496094,348.9446105957031,9.180000305175781,4.559999942779541,,
2022-11-30,288.18023681640625,359.6825256347656,9.59000015258789,4.829999923706055,,
2022-12-01,288.5339050292969,359.7306213378906,9.869999885559082,4.739999771118164,,
2022-12-02,287.384521484375,359.2119445800781,9.989999771118164,4.699999809265137,,
2022-12-05,282.561279296875,352.8153076171875,9.670000076293945,4.53000020980835,,
2022-12-06,276.7065124511719,347.7152404785156,9.390000343322754,4.320000171661377,,
2022-12-07,275.5767822265625,347.04290771484375,9.260000228881836,4.300000190734863,,
2022-12-08,278.8382263183594,349.7801818847656,9.520000457763672,4.400000095367432,,
2022-12-09,277.06011962890625,347.2254333496094,9.3100004196167,4.340000152587891,,
2022-12-12,280.5376281738281,352.1813659667969,9.579999923706055,4.449999809265137,,
2022-12-13,283.55340576171875,354.7843017578125,9.350000381469727,4.429999828338623,,
2022-12-14,281.4512023925781,352.64239501953125,9.09000015258789,4.699999809265137,,
2022-12-15,272.0010986328125,343.9694519042969,8.670000076293945,4.630000114440918,,
2022-12-16,269.40771484375,339.8682861328125,8.609999656677246,4.639999866485596,,
2022-12-19,265.6214904785156,336.93890380859375,8.199999809265137,4.429999828338623,,
2022-12-20,265.4147644042969,337.4523010253906,8.100000381469727,4.570000171661377,,
2022-12-21,269.2649230957031,342.49957275390625,8.170000076293945,4.639999866485596,,
2022-12-22,262.67730712890625,337.68389892578125,7.989999771118164,4.579999923706055,,
2022-12-23,263.2680969238281,339.575439453125,7.949999809265137,4.610000133514404,,
2022-12-27,259.5459289550781,338.224365234375,7.699999809265137,4.389999866485596,,
2022-12-28,256.11920166015625,334.0745849609375,7.699999809265137,4.369999885559082,,
2022-12-29,262.3622131347656,340.00006103515625,8.050000190734863,4.590000152587891,,
2022-12-30,262.2046203613281,339.0639343261719,8.140000343322754,4.610000133514404,,
2023-01-03,260.43218994140625,337.7611083984375,8.079999923706055,4.5,,
2023-01-04,261.67291259765625,340.193115234375,8.359999656677246,4.769999980926514,,
2023-01-05,257.5765075683594,336.4775695800781,8.109999656677246,4.630000114440918,,
2023-01-06,264.68609619140625,344.1304931640625,8.25,4.619999885559082,,
2023-01-09,266.3994445800781,343.8796081542969,8.550000190734863,4.820000171661377,,
2023-01-10,268.6543273925781,346.330810546875,8.720000267028809,5.119999885559082,,
2023-01-11,273.3021545410156,350.7508239746094,8.760000228881836,5.150000095367432,,
2023-01-12,274.7792053222656,352.0632629394531,9.039999961853027,5.360000133514404,,
2023-01-13,276.6697998046875,353.43365478515625,9.319999694824219,5.440000057220459,,
2023-01-17,277.2310791015625,352.89324951171875,9.520000457763672,5.639999866485596,,
2023-01-18,273.6271667480469,347.1607971191406,9.3100004196167,5.559999942779541,,
2023-01-19,270.9388732910156,344.66131591796875,9.050000190734863,5.409999847412109,,
2023-01-20,278.35357666015625,351.0017395019531,9.520000457763672,5.670000076293945,,
2023-01-23,284.5375061035156,355.2769775390625,9.710000038146973,5.869999885559082,,
2023-01-24,283.9565124511719,354.9006042480469,9.710000038146973,5.789999961853027,,
2023-01-25,283.3262939453125,355.0260009765625,9.6899995803833,5.789999961853027,,
2023-01-26,288.85052490234375,358.8186950683594,9.640000343322754,5.710000038146973,,
2023-01-27,291.7257995605469,359.8417053222656,10.390000343322754,5.940000057220459,,
2023-01-30,285.8274841308594,355.3445129394531,10.149999618530273,6.679999828338623,,
2023-01-31,290.1108703613281,360.3917236328125,10.40999984741211,6.929999828338623,,
2023-02-01,296.31451416015625,364.3388366699219,10.779999732971191,7.380000114440918,,
2023-02-02,306.9491882324219,369.559814453125,11.140000343322754,7.71999979019165,,
2023-02-03,301.4939880371094,365.6127624511719,10.739999771118164,7.460000038146973,,
2023-02-06,298.943603515625,363.499267578125,10.600000381469727,7.409999847412109,,
2023-02-07,305.1373291015625,368.18939208984375,10.550000190734863,7.380000114440918,,
2023-02-08,299.711669921875,364.1554870605469,10.470000267028809,7.199999809265137,,
2023-02-09,297.0628356933594,361.038330078125,10.079999923706055,6.889999866485596,,
2023-02-10,295.1131591796875,361.91656494140625,9.979999542236328,6.809999942779541,,
2023-02-13,299.83966064453125,366.0952453613281,9.920000076293945,6.760000228881836,,
2023-02-14,302.05523681640625,365.9601135253906,10.0600004196167,6.739999771118164,,
2023-02-15,304.3692626953125,367.185791015625,10.630000114440918,7.25,,
2023-02-16,298.6580505371094,362.08062744140625,10.34000015258789,6.980000019073486,,
2023-02-17,296.55078125,361.14447021484375,10.350000381469727,6.619999885559082,,
2023-02-21,289.5299072265625,353.9740905761719,9.899999618530273,6.420000076293945,,
2023-02-22,289.74652099609375,353.5301818847656,9.949999809265137,6.539999961853027,,
2023-02-23,292.2772216796875,355.30596923828125,10.09000015258789,6.550000190734863,,
2023-02-24,287.38330078125,351.5035400390625,9.59000015258789,6.380000114440918,,
2023-02-27,289.4413146972656,352.7195129394531,9.720000267028809,6.420000076293945,,
2023-02-28,289.067138671875,351.38775634765625,10.069999694824219,6.599999904632568,,
2023-03-01,286.7432861328125,350.104248046875,9.729999542236328,6.440000057220459,,
2023-03-02,289.1163330078125,352.7195129394531,9.619999885559082,6.449999809265137,,
2023-03-03,295.09344482421875,358.3072204589844,9.899999618530273,6.71999979019165,,
2023-03-06,295.42822265625,358.74151611328125,9.720000267028809,6.679999828338623,,
2023-03-07,291.8045654296875,353.1924133300781,9.420000076293945,6.510000228881836,,
2023-03-08,293.26190185546875,353.742431640625,9.649999618530273,6.46999979019165,,
2023-03-09,288.180908203125,347.2669372558594,9.4399995803833,6.090000152587891,,
2023-03-10,284.1338195800781,342.28729248046875,9.010000228881836,5.579999923706055,,
2023-03-13,286.24102783203125,341.70819091796875,8.989999771118164,5.489999771118164,,
2023-03-14,292.8188781738281,347.3827819824219,9.109999656677246,5.550000190734863,,
2023-03-15,294.35498046875,345.2403259277344,9.199999809265137,5.409999847412109,,
2023-03-16,302.1143493652344,351.1465148925781,9.3100004196167,5.449999809265137,,
2023-03-17,300.6865234375,347.3055419921875,9.1899995803833,5.460000038146973,,
2023-03-20,301.7536315917969,350.4420166015625,8.800000190734863,5.21999979019165,,
2023-03-21,306.06341552734375,355.0260009765625,9.34000015258789,5.570000171661377,,
2023-03-22,301.90155029296875,349.1391906738281,8.930000305175781,5.559999942779541,,
2023-03-23,305.4815368652344,349.9691467285156,8.569999694824219,5.78000020980835,,
2023-03-24,306.6058349609375,352.3015441894531,8.680000305175781,5.739999771118164,,
2023-03-27,304.5051574707031,352.88299560546875,8.609999656677246,5.760000228881836,,
2023-03-28,302.8877258300781,352.2628173828125,8.670000076293945,5.590000152587891,,
2023-03-29,308.41058349609375,357.2727355957031,9.100000381469727,5.75,,
2023-03-30,311.3298034667969,359.4046325683594,9.460000038146973,5.71999979019165,,
2023-03-31,316.5074462890625,364.4241638183594,9.710000038146973,6.070000171661377,,
2023-04-03,315.7381896972656,365.8680725097656,9.760000228881836,6.03000020980835,,
2023-04-04,314.673095703125,363.80401611328125,9.760000228881836,5.889999866485596,,
2023-04-05,311.5664978027344,362.9222106933594,9.75,5.739999771118164,,
2023-04-06,313.6671447753906,364.30792236328125,10.010000228881836,5.75,,
2023-04-10,313.4896545410156,364.7052001953125,9.979999542236328,5.909999847412109,,
2023-04-11,311.47772216796875,364.7536315917969,9.960000038146973,5.96999979019165,,
2023-04-12,308.7261657714844,363.300048828125,10.010000228881836,5.820000171661377,,
2023-04-13,314.7717590332031,368.0096130371094,10.069999694824219,5.860000133514404,,
2023-04-14,314.17999267578125,367.2537536621094,10.0,5.920000076293945,,
2023-04-17,314.4461975097656,368.50384521484375,9.880000114440918,5.960000038146973,,
2023-04-18,314.4659729003906,368.7557678222656,9.84000015258789,5.980000019073486,,
2023-04-19,314.3180236816406,368.73638916015625,9.819999694824219,6.079999923706055,,
2023-04-20,311.9215087890625,366.6529541015625,9.729999542236328,5.920000076293945,,
2023-04-21,312.2469787597656,366.86614990234375,9.640000343322754,5.940000057220459,,
2023-04-24,311.5960998535156,367.3506774902344,9.399999618530273,5.829999923706055,,
2023-04-25,305.7182312011719,361.546142578125,9.09000015258789,5.75,,
2023-04-26,307.5722961425781,359.93756103515625,8.819999694824219,5.670000076293945,,
2023-04-27,315.9354553222656,367.079345703125,8.819999694824219,6.059999942779541,,
2023-04-28,318.1149597167969,370.2189636230469,8.850000381469727,6.230000019073486,,
2023-05-01,317.7500305175781,369.967041015625,8.819999694824219,5.46999979019165,,
2023-05-02,314.97882080078125,365.8196105957031,8.460000038146973,4.90500020980835,,
2023-05-03,312.9176940917969,363.2710266113281,8.380000114440918,4.849999904632568,,
2023-05-04,311.8131103515625,360.61590576171875,8.479999542236328,4.894999980926514,,
2023-05-05,318.4404602050781,367.234375,8.850000381469727,5.159999847412109,,
2023-05-08,319.2294006347656,367.4378662109375,8.90999984741211,5.46999979019165,,
2023-05-09,317.2076416015625,365.84869384765625,9.109999656677246,5.409999847412109,,
2023-05-10,320.659423828125,367.4476013183594,9.069999694824219,5.480000019073486,,
2023-05-11,321.7049255371094,366.9339294433594,9.649999618530273,5.139999866485596,,
2023-05-12,320.5509338378906,366.43975830078125,8.739999771118164,5.019999980926514,,
2023-05-15,322.2867126464844,367.70916748046875,8.649999618530273,4.769999980926514,,
2023-05-16,322.6516418457031,365.2770080566406,8.350000381469727,4.760000228881836,,
2023-05-17,326.5570068359375,369.6376037597656,8.460000038146973,4.960000038146973,,
2023-05-18,332.6222839355469,373.2520446777344,8.619999885559082,5.070000171661377,,
2023-05-19,331.8727722167969,372.6609802246094,8.470000267028809,4.929999828338623,,
2023-05-22,332.9872131347656,372.8644714355469,8.760000228881836,5.260000228881836,,
2023-05-23,328.7661437988281,368.6976623535156,8.680000305175781,5.289999961853027,,
2023-05-24,327.0797424316406,365.93585205078125,8.600000381469727,5.309999942779541,,
2023-05-25,335.0384826660156,369.1239929199219,8.600000381469727,5.210000038146973,,
2023-05-26,343.5989074707031,373.92071533203125,8.819999694824219,5.409999847412109,,
2023-05-30,345.1571350097656,374.0369567871094,8.920000076293945,6.03000020980835,,
2023-05-31,343.1944885253906,372.0020446777344,8.920000076293945,6.940000057220459,,
2023-06-01,347.1591796875,375.5680847167969,9.020000457763672,6.820000171661377,,
2023-06-02,349.7628173828125,381.0819091796875,9.34000015258789,7.03000020980835,,
2023-06-05,350.0093078613281,380.3454284667969,9.029999732971191,7.25,,
2023-06-06,349.9502258300781,381.13031005859375,9.119999885559082,7.650000095367432,,
2023-06-07,344.0130920410156,379.8802795410156,9.399999618530273,7.739999771118164,,
2023-06-08,348.28338623046875,382.1575012207031,9.5,8.119999885559082,,
2023-06-09,349.6148681640625,382.79705810546875,9.40999984741211,8.180000305175781,,
2023-06-12,355.5223388671875,386.31463623046875,9.359999656677246,9.15999984741211,,
2023-06-13,358.2541809082031,388.86322021484375,9.600000381469727,9.539999961853027,,
2023-06-14,360.85772705078125,389.1635437011719,9.949999809265137,9.739999771118164,,
2023-06-15,365.1576843261719,394.15411376953125,9.979999542236328,9.550000190734863,,
2023-06-16,362.8597717285156,392.7005310058594,10.029999732971191,8.600000381469727,,
2023-06-20,362.34033203125,390.888427734375,10.0,8.59000015258789,,
2023-06-21,357.4024353027344,388.7469482421875,9.760000228881836,8.630000114440918,,
2023-06-22,361.6194152832031,390.1617126464844,9.449999809265137,8.489999771118164,,
2023-06-23,358.0345153808594,387.2352294921875,9.489999771118164,8.279999732971191,,
2023-06-26,353.2348937988281,385.6363220214844,9.630000114440918,8.199999809265137,,
2023-06-27,359.3085021972656,389.9097595214844,9.9399995803833,8.640000343322754,,
2023-06-28,360.00970458984375,390.08416748046875,10.180000305175781,8.869999885559082,,
2023-06-29,359.2886962890625,391.5785217285156,9.970000267028809,8.710000038146973,,
2023-06-30,364.8290100097656,396.21893310546875,9.979999542236328,8.34000015258789,,
2023-07-03,365.6882019042969,396.9777526855469,10.65999984741211,8.520000457763672,,
2023-07-05,365.67828369140625,396.09246826171875,10.720000267028809,8.380000114440918,,
2023-07-06,362.8933410644531,392.8626403808594,10.40999984741211,8.100000381469727,,
2023-07-07,361.68853759765625,391.9481506347656,10.789999961853027,8.050000190734863,,
2023-07-10,361.8069763183594,392.998779296875,11.210000038146973,8.710000038146973,,
2023-07-11,363.59454345703125,395.5184631347656,11.829999923706055,9.069999694824219,,
2023-07-12,368.186767578125,398.6315612792969,11.9399995803833,9.199999809265137,,
2023-07-13,374.4381408691406,401.880859375,12.449999809265137,9.15999984741211,,
2023-07-14,374.3590393066406,401.5597839355469,12.380000114440918,9.079999923706055,,
2023-07-17,377.8550720214844,402.9607238769531,12.489999771118164,9.479999542236328,,
2023-07-18,380.9461364746094,406.01544189453125,12.59000015258789,9.569999694824219,,
2023-07-19,380.8572998046875,406.8909912109375,13.119999885559082,9.850000381469727,,
2023-07-20,372.0777893066406,404.2351379394531,12.8100004196167,9.569999694824219,,
2023-07-21,370.96185302734375,404.28375244140625,12.760000228881836,9.430000305175781,,
2023-07-24,371.55438232421875,405.9959716796875,12.739999771118164,9.449999809265137,,
2023-07-25,374.0726623535156,407.1925964355469,12.539999961853027,9.329999923706055,,
2023-07-26,372.8282775878906,407.28985595703125,12.739999771118164,9.520000457763672,,
2023-07-27,371.9395446777344,404.5269775390625,12.229999542236328,9.09000015258789,,
2023-07-28,378.7142639160156,408.4670104980469,12.729999542236328,9.550000190734863,,
2023-07-31,378.9117736816406,409.2549743652344,12.859999656677246,11.449999809265137,,
2023-08-01,378.0328674316406,407.9902648925781,12.869999885559082,10.350000381469727,,
2023-08-02,369.7372741699219,402.3381042480469,12.4399995803833,10.079999923706055,,
2023-08-03,369.14471435546875,401.19989013671875,11.539999961853027,10.050000190734863,,
2023-08-04,367.41644287109375,399.2347106933594,11.279999732971191,9.5,,
2023-08-07,370.5273132324219,402.8342590332031,11.34000015258789,9.390000343322754,,
2023-08-08,367.3769226074219,401.0928955078125,11.100000381469727,9.3100004196167,,
2023-08-09,363.3377685546875,398.4272766113281,10.800000190734863,8.989999771118164,,
2023-08-10,364.0093078613281,398.6607666015625,10.729999542236328,8.720000267028809,,
2023-08-11,361.68853759765625,398.29107666015625,10.720000267028809,8.649999618530273,,
2023-08-14,365.74749755859375,400.53839111328125,10.649999618530273,8.680000305175781,,
2023-08-15,361.8663024902344,395.946533203125,10.40999984741211,8.369999885559082,,
2023-08-16,358.0345153808594,393.01824951171875,10.1899995803833,8.260000228881836,,
2023-08-17,354.1236877441406,389.8370666503906,10.069999694824219,8.109999656677246,,
2023-08-18,353.6793518066406,390.1970520019531,10.25,8.220000267028809,,
2023-08-21,359.37762451171875,392.7750549316406,10.390000343322754,8.289999961853027,,
2023-08-22,358.8641052246094,391.67578125,10.380000114440918,8.149999618530273,,
2023-08-23,364.5228576660156,395.8979187011719,10.5,8.430000305175781,,
2023-08-24,356.73089599609375,390.6347961425781,10.369999885559082,8.119999885559082,,
2023-08-25,359.4961242675781,393.22259521484375,10.539999961853027,8.289999961853027,,
2023-08-28,362.2020568847656,395.810302734375,10.550000190734863,8.229999542236328,,
2023-08-29,370.11248779296875,401.4333801269531,11.020000457763672,8.460000038146973,,
2023-08-30,372.1764831542969,403.10662841796875,11.0600004196167,8.739999771118164,,
2023-08-31,373.29254150390625,402.5910339355469,10.890000343322754,8.65999984741211,,
2023-09-01,372.8974609375,403.4471435546875,11.109999656677246,8.789999961853027,,
2023-09-05,373.37152099609375,401.6863098144531,10.819999694824219,8.75,,
2023-09-06,370.0829162597656,398.9137268066406,10.789999961853027,8.539999961853027,,
2023-09-07,367.4361572265625,397.726806640625,10.739999771118164,8.569999694824219,,
2023-09-08,367.94970703125,398.2716369628906,10.739999771118164,8.550000190734863,,
2023-09-11,372.2851257324219,400.8885803222656,10.84000015258789,8.899999618530273,,
2023-09-12,368.1571044921875,398.7385559082031,10.800000190734863,9.0,,
2023-09-13,369.5594177246094,399.20550537109375,10.619999885559082,8.800000190734863,,
2023-09-14,372.5814514160156,402.65911865234375,10.569999694824219,9.050000190734863,,
2023-09-15,366.2017822265625,397.6392822265625,10.670000076293945,9.069999694824219,,
2023-09-18,366.5834655761719,398.0770263671875,10.600000381469727,8.670000076293945,,
2023-09-19,365.8021545410156,397.27935791015625,10.470000267028809,8.619999885559082,,
2023-09-20,360.5308532714844,393.5630187988281,10.220000267028809,8.319999694824219,,
2023-09-21,353.92425537109375,387.1131286621094,9.829999923706055,7.949999809265137,,
2023-09-22,353.97369384765625,386.17919921875,9.699999809265137,7.539999961853027,,
2023-09-25,355.6549987792969,387.7843933105469,9.680000305175781,7.510000228881836,,
2023-09-26,350.3143615722656,382.09326171875,9.529999732971191,7.400000095367432,,
2023-09-27,351.1352844238281,382.18084716796875,9.569999694824219,7.599999904632568,,
2023-09-28,354.0726013183594,384.4102783203125,9.680000305175781,7.769999980926514,,
2023-09-29,354.32977294921875,383.49237060546875,9.8100004196167,7.989999771118164,,
2023-10-02,357.2868347167969,383.4630432128906,9.729999542236328,7.840000152587891,,
2023-10-03,351.0166320800781,378.30682373046875,9.529999732971191,7.28000020980835,,
2023-10-04,355.7934875488281,381.0899658203125,9.680000305175781,7.46999979019165,,
2023-10-05,354.7450866699219,380.7677307128906,9.729999542236328,7.650000095367432,,
2023-10-06,360.68902587890625,385.3087158203125,9.930000305175781,7.989999771118164,,
2023-10-09,362.5285339355469,387.8770446777344,9.869999885559082,8.180000305175781,,
2023-10-10,364.5362548828125,389.8789978027344,10.039999961853027,8.359999656677246,,
2023-10-11,367.1373291015625,391.52935791015625,9.720000267028809,8.59000015258789,,
2023-10-12,365.86151123046875,389.1758728027344,9.289999961853027,8.390000343322754,,
2023-10-13,361.2626953125,387.1251220703125,9.140000343322754,8.119999885559082,,
2023-10-16,365.34722900390625,391.1778259277344,9.319999694824219,8.25,,
2023-10-17,364.15057373046875,391.1875915527344,9.600000381469727,8.25,,
2023-10-18,359.3736572265625,385.9532470703125,9.210000038146973,7.769999980926514,,
2023-10-19,356.0110778808594,382.68182373046875,8.970000267028809,7.630000114440918,,
2023-10-20,350.70013427734375,377.91619873046875,9.130000114440918,7.369999885559082,,
2023-10-23,351.75836181640625,377.25213623046875,9.170000076293945,7.260000228881836,,
2023-10-24,355.1802673339844,380.07440185546875,9.319999694824219,7.380000114440918,,
2023-10-25,346.4869689941406,374.7131042480469,9.029999732971191,7.079999923706055,,
2023-10-26,339.88043212890625,370.1135559082031,9.100000381469727,6.900000095367432,,
2023-10-27,341.51226806640625,368.47296142578125,8.899999618530273,6.869999885559082,,
2023-10-30,345.3594665527344,372.906494140625,9.079999923706055,6.940000057220459,,
2023-10-31,347.0111389160156,375.1623229980469,9.140000343322754,7.550000190734863,,
2023-11-01,353.03411865234375,379.29315185546875,9.079999923706055,7.579999923706055,,
2023-11-02,359.4429016113281,386.5000915527344,9.479999542236328,8.170000076293945,,
2023-11-03,363.66595458984375,390.0743103027344,9.6899995803833,8.010000228881836,,
2023-11-06,365.1494445800781,390.82623291015625,9.59000015258789,7.489999771118164,,
2023-11-07,368.60101318359375,391.9297790527344,9.760000228881836,7.420000076293945,,
2023-11-08,368.83843994140625,392.25201416015625,8.364999771118164,7.309999942779541,,
2023-11-09,365.9999694824219,389.2930603027344,7.929999828338623,6.849999904632568,,
2023-11-10,374.22845458984375,395.3672180175781,8.229999542236328,6.940000057220459,,
2023-11-13,373.06146240234375,394.9668273925781,8.3100004196167,7.039999961853027,,
2023-11-14,381.0921630859375,402.5546569824219,8.5,7.480000019073486,,
2023-11-15,381.37890625,403.43353271484375,8.329999923706055,7.369999885559082,,
2023-11-16,381.7053527832031,403.9999694824219,7.940000057220459,6.710000038146973,,
2023-11-17,381.7943420410156,404.59564208984375,8.100000381469727,6.829999923706055,,
2023-11-20,386.442626953125,407.6424865722656,8.130000114440918,6.614999771118164,,
2023-11-21,384.1976013183594,406.5780334472656,7.980000019073486,6.71999979019165,,
2023-11-22,385.7701110839844,408.3358459472656,8.220000267028809,6.900000095367432,,
2023-11-24,385.2261962890625,408.56048583984375,8.289999961853027,6.860000133514404,,
2023-11-27,384.8898620605469,407.8476257324219,8.390000343322754,7.03000020980835,,
2023-11-28,385.89874267578125,408.2479248046875,8.640000343322754,7.340000152587891,,
2023-11-29,385.5228576660156,407.9842834472656,8.920000076293945,7.349999904632568,,
2023-11-30,384.55364990234375,409.5662841796875,8.800000190734863,7.289999961853027,,
2023-12-01,385.6514587402344,411.9685974121094,9.319999694824219,7.829999923706055,,
2023-12-04,382.0711975097656,409.8983154296875,9.550000190734863,7.960000038146973,,
2023-12-05,383.0306091308594,409.7713317871094,10.529999732971191,7.989999771118164,,
2023-12-06,380.815185546875,408.0624084472656,11.270000457763672,7.889999866485596,,
2023-12-07,386.1360168457031,411.25579833984375,11.479999542236328,7.960000038146973,,
2023-12-08,387.8569641113281,413.0037536621094,11.729999542236328,8.130000114440918,,
2023-12-11,391.1700439453125,414.6053161621094,11.710000038146973,8.069999694824219,,
2023-12-12,394.28546142578125,416.66583251953125,11.630000114440918,7.949999809265137,,
2023-12-13,399.2997131347656,422.33966064453125,11.989999771118164,8.9399995803833,,
2023-12-14,398.9535217285156,423.5798645019531,12.09000015258789,9.470000267028809,,
2023-12-15,400.8820495605469,422.9352722167969,11.6899995803833,9.350000381469727,,
2023-12-18,403.40704345703125,425.3278503417969,11.930000305175781,9.65999984741211,,
2023-12-19,405.4683837890625,427.915771484375,13.170000076293945,9.9399995803833,,
2023-12-20,399.4431457519531,421.73907470703125,12.619999885559082,9.3100004196167,,
2023-12-21,404.09088134765625,425.84765625,12.890000343322754,9.640000343322754,,
2023-12-22,404.69537353515625,426.8381042480469,12.949999809265137,9.710000038146973,,
2023-12-26,407.1728515625,428.6129150390625,12.9399995803833,9.960000038146973,,
2023-12-27,408.001708984375,429.39739990234375,13.260000228881836,10.319999694824219,,
2023-12-28,407.8033752441406,429.46600341796875,13.180000305175781,10.279999732971191,,
2023-12-29,406.03851318359375,428.3187255859375,12.739999771118164,9.949999809265137,,
2024-01-02,399.16748046875,425.58294677734375,12.369999885559082,9.649999618530273,,
2024-01-03,394.94366455078125,422.4254455566406,11.789999961853027,8.3100004196167,,
2024-01-04,392.9111328125,421.09185791015625,11.979999542236328,8.420000076293945,,
2024-01-05,393.3770751953125,421.63116455078125,11.890000343322754,8.220000267028809,,
2024-01-08,401.50738525390625,427.6617431640625,12.420000076293945,8.529999732971191,,
2024-01-09,402.30059814453125,426.62237548828125,12.199999809265137,8.319999694824219,,
2024-01-10,405.0272216796875,429.4366149902344,12.140000343322754,8.479999542236328,,
2024-01-11,405.8699951171875,429.2895202636719,11.710000038146973,8.170000076293945,,
2024-01-12,406.07818603515625,429.4856262207031,11.020000457763672,7.889999866485596,,
2024-01-16,406.03851318359375,428.0246276855469,10.930000305175781,7.71999979019165,,
2024-01-17,403.7481689453125,425.64178466796875,10.649999618530273,7.53000020980835,,
2024-01-18,409.47900390625,429.4267883300781,10.670000076293945,7.409999847412109,,
2024-01-19,417.5993957519531,434.6827392578125,10.710000038146973,7.489999771118164,,
2024-01-22,418.1447448730469,435.673095703125,10.989999771118164,7.920000076293945,,
2024-01-23,419.8798828125,436.96746826171875,10.949999809265137,7.75,,
2024-01-24,422.2098693847656,437.3302917480469,10.8100004196167,7.559999942779541,,
2024-01-25,422.7254638671875,439.79156494140625,10.699999809265137,7.650000095367432,,
2024-01-26,420.2070617675781,439.52679443359375,10.789999961853027,7.619999885559082,,
2024-01-29,424.5101623535156,442.7235107421875,11.3100004196167,9.15999984741211,,
2024-01-30,421.68438720703125,442.4097595214844,11.010000228881836,8.399999618530273,,
2024-01-31,413.4252014160156,435.20245361328125,10.739999771118164,7.829999923706055,,
2024-02-01,418.29345703125,440.92901611328125,10.90999984741211,7.730000019073486,,
2024-02-02,425.3628845214844,445.4593811035156,10.920000076293945,7.880000114440918,,
2024-02-05,424.80767822265625,443.8315734863281,10.5600004196167,7.579999923706055,,
2024-02-06,423.9549255371094,445.2142333984375,10.779999732971191,7.800000190734863,,
2024-02-07,428.3175048828125,448.87176513671875,11.0,7.659999847412109,,
2024-02-08,429.1107177734375,449.17578125,11.220000267028809,8.079999923706055,,
2024-02-09,433.3345031738281,451.7253112792969,11.550000190734863,8.130000114440918,,
2024-02-12,431.6390380859375,451.51934814453125,12.010000228881836,8.329999923706055,,
2024-02-13,424.9067077636719,445.1553649902344,11.84000015258789,8.020000457763672,,
2024-02-14,429.537109375,449.3914794921875,13.380000114440918,8.420000076293945,,
2024-02-15,430.81610107421875,452.43133544921875,13.420000076293945,8.529999732971191,,
2024-02-16,426.90960693359375,450.11712646484375,14.0,8.359999656677246,,
2024-02-20,423.68719482421875,447.64605712890625,14.09000015258789,8.510000228881836,,
2024-02-21,421.99176025390625,448.0970764160156,13.59000015258789,8.109999656677246,,
2024-02-22,434.3457946777344,457.5107421875,13.970000267028809,8.15999984741211,,
2024-02-23,433.0667724609375,457.7166442871094,14.479999542236328,8.170000076293945,,
2024-02-26,432.8387451171875,456.03985595703125,15.59000015258789,8.539999961853027,,
2024-02-27,433.87982177734375,456.8830871582031,16.25,9.149999618530273,,
2024-02-28,431.5696105957031,456.1771545410156,16.1299991607666,8.859999656677246,,
2024-02-29,435.26788330078125,457.86370849609375,16.309999465942383,8.979999542236328,,
2024-03-01,441.82171630859375,462.2763671875,16.579999923706055,8.989999771118164,,
2024-03-04,440.2452392578125,461.7272033691406,16.6299991607666,8.579999923706055,,
2024-03-05,432.3429870605469,457.0988464355469,15.930000305175781,7.269999980926514,,
2024-03-06,435.0596923828125,459.5208740234375,16.399999618530273,7.400000095367432,,
2024-03-07,441.6630859375,464.07086181640625,16.360000610351562,7.46999979019165,,
2024-03-08,435.2877197265625,461.256591796875,17.0,7.710000038146973,,
2024-03-11,433.671630859375,460.8741149902344,16.860000610351562,7.679999828338623,,
2024-03-12,439.8882751464844,465.8064270019531,16.389999389648438,7.480000019073486,,
2024-03-13,436.50732421875,465.1004333496094,17.15999984741211,7.380000114440918,,
2024-03-14,435.40673828125,464.0805969238281,18.049999237060547,7.050000190734863,,
2024-03-15,430.2311096191406,460.8839416503906,18.149999618530273,7.03000020980835,,
2024-03-18,434.33441162109375,463.766845703125,18.209999084472656,7.079999923706055,,
2024-03-19,435.4165954589844,466.3653869628906,17.239999771118164,6.920000076293945,,
2024-03-20,440.5791320800781,470.434814453125,18.559999465942383,7.360000133514404,,
2024-03-21,442.6640930175781,472.00372314453125,19.09000015258789,7.440000057220459,,
2024-03-22,443.17041015625,471.38690185546875,18.299999237060547,7.300000190734863,,
2024-03-25,441.56207275390625,470.1671142578125,19.079999923706055,7.449999809265137,,
2024-03-26,440.1324462890625,468.8488464355469,19.280000686645508,7.199999809265137,,
2024-03-27,441.6315002441406,472.9412536621094,20.010000228881836,7.360000133514404,,
2024-03-28,440.81744384765625,472.8822326660156,20.1299991607666,7.300000190734863,,
2024-04-01,441.7507019042969,472.262451171875,19.40999984741211,7.21999979019165,,
2024-04-02,437.93829345703125,469.1734924316406,19.200000762939453,7.199999809265137,,
2024-04-03,438.9211730957031,469.59649658203125,19.209999084472656,7.539999961853027,,
2024-04-04,432.20977783203125,463.8121643066406,18.450000762939453,7.309999942779541,,
2024-04-05,437.3028869628906,468.74066162109375,18.399999618530273,7.400000095367432,,
2024-04-08,437.4319763183594,468.92755126953125,18.559999465942383,7.760000228881836,,
2024-04-09,439.0502624511719,469.50799560546875,18.299999237060547,7.889999866485596,,
2024-04-10,435.2179870605469,464.963134765625,18.34000015258789,7.559999942779541,,
2024-04-11,442.16766357421875,468.3176574707031,19.0,7.639999866485596,,
2024-04-12,435.1187438964844,461.9331970214844,17.969999313354492,7.329999923706055,,
2024-04-15,427.9605407714844,456.0700988769531,17.190000534057617,7.119999885559082,,
2024-04-16,428.0002746582031,455.2536315917969,17.309999465942383,7.199999809265137,,
2024-04-17,422.778076171875,452.5090026855469,17.079999923706055,7.159999847412109,,
2024-04-18,420.3655700683594,451.47607421875,17.079999923706055,7.130000114440918,,
2024-04-19,411.6685485839844,447.69854736328125,16.6299991607666,7.110000133514404,,
2024-04-22,415.80859375,451.58428955078125,17.190000534057617,7.25,,
2024-04-23,422.013671875,457.28009033203125,17.6200008392334,7.579999923706055,,
2024-04-24,423.44329833984375,456.9457092285156,17.309999465942383,7.599999904632568,,
2024-04-25,421.3981018066406,455.056884765625,17.1200008392334,7.590000152587891,,
2024-04-26,427.9009704589844,459.611572265625,17.8799991607666,7.869999885559082,,
2024-04-29,429.6383972167969,461.2150573730469,17.34000015258789,7.045000076293945,,
2024-04-30,421.53704833984375,453.92559814453125,16.489999771118164,6.78000020980835,,
2024-05-01,418.4891357421875,452.45001220703125,16.649999618530273,6.920000076293945,,
2024-05-02,423.8304748535156,456.67022705078125,17.610000610351562,6.989999771118164,,
2024-05-03,432.34881591796875,462.3365478515625,17.950000762939453,6.960000038146973,,
2024-05-06,437.0845031738281,466.99945068359375,17.780000686645508,7.159999847412109,,
2024-05-07,437.15399169921875,467.6683654785156,17.989999771118164,7.059999942779541,,
2024-05-08,436.8958435058594,467.68804931640625,17.850000381469727,7.050000190734863,,
2024-05-09,437.8489074707031,470.3736877441406,17.299999237060547,7.059999942779541,,
2024-05-10,438.8815002441406,470.95404052734375,16.229999542236328,6.940000057220459,,
2024-05-13,439.8941345214844,470.9835510253906,16.889999389648438,7.110000133514404,,
2024-05-14,442.7236022949219,473.2166748046875,18.020000457763672,7.46999979019165,,
2024-05-15,449.6435241699219,478.9813537597656,18.520000457763672,7.269999980926514,,
2024-05-16,448.7301025390625,478.0664978027344,17.899999618530273,7.119999885559082,,
2024-05-17,448.5116882324219,478.7748107910156,20.09000015258789,7.28000020980835,,
2024-05-20,451.6390686035156,479.24700927734375,20.84000015258789,7.190000057220459,,
2024-05-21,452.52264404296875,480.5356750488281,20.959999084472656,7.079999923706055,,
2024-05-22,452.433349609375,479.1387634277344,19.65999984741211,7.019999980926514,,
2024-05-23,450.3980712890625,475.57763671875,19.239999771118164,6.829999923706055,,
2024-05-24,454.6572265625,478.8141784667969,20.510000228881836,6.920000076293945,,
2024-05-28,456.374755859375,479.1977844238281,20.469999313354492,6.889999866485596,,
2024-05-29,453.1580810546875,475.82354736328125,21.084999084472656,6.849999904632568,,
2024-05-30,448.3031921386719,472.62640380859375,21.84000015258789,6.909999847412109,,
2024-05-31,447.4692687988281,476.7384338378906,20.899999618530273,6.900000095367432,,
2024-06-03,449.8719177246094,477.25982666015625,21.280000686645508,6.769999980926514,,
2024-06-04,451.10296630859375,477.8402099609375,20.780000686645508,6.71999979019165,,
2024-06-05,460.19708251953125,483.5556945800781,21.56999969482422,6.909999847412109,,
2024-06-06,460.0382080078125,483.4475402832031,22.969999313354492,7.079999923706055,,
2024-06-07,459.63116455078125,482.81793212890625,22.18000030517578,6.989999771118164,,
2024-06-10,461.4877014160156,484.4017639160156,23.420000076293945,7.03000020980835,,
2024-06-11,464.6547546386719,485.5035705566406,23.219999313354492,7.0,,
2024-06-12,470.7407531738281,489.5466613769531,23.700000762939453,7.070000171661377,,
2024-06-13,473.2922668457031,490.4714050292969,23.309999465942383,6.800000190734863,,
2024-06-14,475.7444763183594,490.86492919921875,22.420000076293945,6.460000038146973,,
2024-06-17,481.5722961425781,494.760498046875,22.25,6.460000038146973,,
2024-06-18,481.7211608886719,496.0787048339844,21.860000610351562,6.420000076293945,,
2024-06-20,478.00811767578125,494.70147705078125,21.729999542236328,6.320000171661377,,
2024-06-21,476.7273864746094,493.619384765625,22.290000915527344,6.320000171661377,,
2024-06-24,471.3000183105469,492.29132080078125,21.3700008392334,6.539999961853027,,
2024-06-25,476.6895751953125,494.3374938964844,22.139999389648438,6.449999809265137,,
2024-06-26,477.6740417480469,494.8883972167969,22.309999465942383,6.460000038146973,,
2024-06-27,478.90704345703125,495.65570068359375,22.59000015258789,6.539999961853027,,
2024-06-28,476.42108154296875,493.7444152832031,22.709999084472656,6.610000133514404,,
2024-07-01,479.2153625488281,494.8797302246094,22.790000915527344,6.429999828338623,,
2024-07-02,484.2469787597656,498.0882263183594,22.459999084472656,6.449999809265137,,
2024-07-03,488.2841796875,500.3391418457031,22.889999389648438,6.519999980926514,,
2024-07-05,493.37542724609375,503.3304748535156,22.68000030517578,6.46999979019165,,
2024-07-08,494.5487976074219,503.8141784667969,22.09000015258789,6.349999904632568,,
2024-07-09,494.97637939453125,504.3670654296875,22.600000381469727,6.380000114440918,,
2024-07-10,500.1372375488281,509.2242126464844,22.31999969482422,6.570000171661377,,
2024-07-11,489.16912841796875,504.8606872558594,22.040000915527344,6.769999980926514,,
2024-07-12,492.0429382324219,507.98028564453125,22.280000686645508,6.96999979019165,,
2024-07-15,493.365478515625,509.5204162597656,23.940000534057617,7.329999923706055,,
2024-07-16,493.5544128417969,512.4129638671875,24.6299991607666,7.75,,
2024-07-17,479.0661926269531,505.25555419921875,24.18000030517578,7.840000152587891,,
2024-07-18,476.7989501953125,501.4547119140625,22.829999923706055,7.53000020980835,,
2024-07-19,472.5727844238281,498.10797119140625,23.40999984741211,7.46999979019165,,
2024-07-22,479.6130676269531,503.2810974121094,23.420000076293945,7.539999961853027,,
2024-07-23,477.9226379394531,502.44195556640625,22.8700008392334,7.429999828338623,,32.70000076293945
2024-07-24,460.7794189453125,490.94073486328125,21.40999984741211,7.099999904632568,,31.700000762939453
2024-07-25,455.69805908203125,488.4627685546875,21.18000030517578,7.269999980926514,,29.399999618530273
2024-07-26,460.3717346191406,493.9418640136719,21.200000762939453,7.409999847412109,,30.799999237060547
2024-07-29,461.2964172363281,494.30718994140625,21.18000030517578,7.329999923706055,,31.200000762939453
2024-07-30,454.9622497558594,491.7206115722656,20.399999618530273,7.420000076293945,,30.799999237060547
2024-07-31,468.4262390136719,499.4703674316406,20.56999969482422,7.539999961853027,28.950000762939453,30.799999237060547
2024-08-01,457.08026123046875,492.6584777832031,20.239999771118164,7.159999847412109,28.100000381469727,29.399999618530273
2024-08-02,446.2315368652344,483.6549072265625,17.8799991607666,6.650000095367432,27.799999237060547,28.299999237060547
2024-08-05,432.9266052246094,469.1327209472656,16.420000076293945,6.539999961853027,23.75,22.700000762939453
2024-08-06,437.0632629394531,473.81219482421875,17.209999084472656,6.429999828338623,25.25,23.5
2024-08-07,432.3299255371094,470.5246887207031,17.1200008392334,6.320000171661377,24.299999237060547,22.100000381469727
2024-08-08,445.55535888671875,481.50274658203125,17.729999542236328,6.639999866485596,26.350000381469727,24.299999237060547
2024-08-09,447.8821716308594,483.56610107421875,17.920000076293945,6.639999866485596,26.899999618530273,24.450000762939453
2024-08-12,448.84674072265625,483.8128662109375,18.540000915527344,6.480000019073486,26.200000762939453,25.100000381469727
2024-08-13,459.98388671875,491.84893798828125,18.40999984741211,6.639999866485596,27.049999237060547,25.5
2024-08-14,460.1330261230469,493.4186096191406,18.649999618530273,6.610000133514404,26.100000381469727,25.100000381469727
2024-08-15,471.7574157714844,501.88909912109375,19.549999237060547,6.909999847412109,25.350000381469727,24.100000381469727
2024-08-16,472.364013671875,502.9454650878906,19.979999542236328,7.0,26.450000762939453,24.799999237060547
2024-08-19,478.5689697265625,507.7828063964844,20.280000686645508,7.460000038146973,26.200000762939453,24.600000381469727
2024-08-20,477.56463623046875,506.9437255859375,19.829999923706055,7.369999885559082,26.399999618530273,24.600000381469727
2024-08-21,479.7920837402344,508.72076416015625,20.18000030517578,7.300000190734863,27.350000381469727,25.0
2024-08-22,472.18499755859375,504.60400390625,19.889999389648438,7.190000057220459,26.700000762939453,24.5
2024-08-23,477.30609130859375,510.0633544921875,21.1200008392334,7.519999980926514,28.25,25.899999618530273
2024-08-26,472.6722717285156,508.8095703125,20.959999084472656,7.670000076293945,28.049999237060547,25.299999237060547
2024-08-27,474.0843200683594,509.49078369140625,21.360000610351562,7.769999980926514,27.549999237060547,24.399999618530273
2024-08-28,468.7046203613281,506.5784606933594,20.31999969482422,7.489999771118164,26.149999618530273,23.600000381469727
2024-08-29,468.0185546875,506.657470703125,20.170000076293945,8.029999732971191,26.25,23.799999237060547
2024-08-30,473.5970153808594,511.4256896972656,20.1200008392334,7.989999771118164,26.0,23.600000381469727
2024-09-03,459.21820068359375,501.07958984375,19.3700008392334,7.53000020980835,25.75,23.0
2024-09-04,458.02490234375,499.8356628417969,19.110000610351562,7.480000019073486,25.75,23.200000762939453
2024-09-05,458.4524841308594,498.60162353515625,19.670000076293945,7.260000228881836,24.850000381469727,22.200000762939453
2024-09-06,446.17181396484375,490.29901123046875,18.940000534057617,7.010000228881836,23.75,20.899999618530273
2024-09-09,451.9093933105469,495.817626953125,19.65999984741211,7.079999923706055,25.350000381469727,22.200000762939453
2024-09-10,456.0859069824219,497.8611755371094,19.700000762939453,7.050000190734863,25.700000762939453,22.399999618530273
2024-09-11,465.9899597167969,502.9552917480469,20.639999389648438,7.309999942779541,25.549999237060547,22.0
2024-09-12,470.5641784667969,507.2794189453125,21.639999389648438,7.460000038146973,25.850000381469727,22.299999237060547
2024-09-13,472.6722717285156,509.9745788574219,22.06999969482422,7.739999771118164,26.5,22.799999237060547
2024-09-16,470.58404541015625,510.7445373535156,22.209999084472656,8.0600004196167,25.700000762939453,21.399999618530273
2024-09-17,470.8326416015625,510.9815368652344,22.639999389648438,8.119999885559082,26.600000381469727,22.200000762939453
2024-09-18,468.7941589355469,509.32293701171875,22.950000762939453,8.109999656677246,26.649999618530273,21.799999237060547
2024-09-19,480.6472473144531,518.2080078125,22.809999465942383,8.1899995803833,28.049999237060547,23.299999237060547
2024-09-20,479.732421875,517.1912231445312,22.729999542236328,8.050000190734863,27.899999618530273,24.0
2024-09-23,481.0040283203125,518.4647216796875,22.700000762939453,7.920000076293945,28.049999237060547,25.200000762939453
2024-09-24,483.32421875,519.9554443359375,22.770000457763672,7.829999923706055,28.549999237060547,25.0
2024-09-25,483.7723083496094,518.8991088867188,22.389999389648438,7.730000019073486,28.0,24.200000762939453
2024-09-26,487.4069519042969,520.9624633789062,22.43000030517578,7.760000228881836,28.700000762939453,25.0
2024-09-27,484.6983947753906,520.2880249023438,23.889999389648438,7.949999809265137,29.100000381469727,25.5
2024-09-30,486.0128479003906,522.5557861328125,23.420000076293945,7.860000133514404,28.149999618530273,24.399999618530273
2024-10-01,479.2414855957031,517.673583984375,22.329999923706055,7.630000114440918,27.399999618530273,23.5
2024-10-02,479.9186096191406,517.7627563476562,22.6299991607666,7.789999961853027,26.700000762939453,22.399999618530273
2024-10-03,479.56011962890625,516.7823486328125,22.43000030517578,7.829999923706055,27.049999237060547,22.200000762939453
2024-10-04,485.2659912109375,521.5457153320312,22.889999389648438,8.390000343322754,27.700000762939453,22.899999618530273
2024-10-07,480.0679931640625,516.8515625,23.31999969482422,8.270000457763672,28.100000381469727,23.100000381469727
2024-10-08,487.2376403808594,521.7437744140625,25.610000610351562,8.40999984741211,27.600000381469727,23.0
2024-10-09,491.0713806152344,525.3088989257812,25.649999618530273,8.59000015258789,27.0,22.700000762939453
2024-10-10,490.5137939453125,524.427490234375,25.5,8.630000114440918,26.450000762939453,22.299999237060547
2024-10-11,491.2804870605469,527.5470581054688,26.270000457763672,9.010000228881836,28.049999237060547,23.200000762939453
2024-10-14,495.403076171875,531.86474609375,27.0,10.039999961853027,29.25,24.700000762939453
2024-10-15,488.7811279296875,527.8143920898438,26.799999237060547,10.180000305175781,29.700000762939453,24.5
2024-10-16,488.8408508300781,530.0326538085938,26.93000030517578,10.039999961853027,30.049999237060547,24.700000762939453
2024-10-17,489.179443359375,530.1118774414062,26.31999969482422,9.869999885559082,29.600000381469727,24.399999618530273
2024-10-18,492.3858642578125,532.15185546875,26.829999923706055,10.180000305175781,30.399999618530273,25.0
2024-10-21,493.3318786621094,531.3300170898438,26.969999313354492,10.399999618530273,30.049999237060547,25.200000762939453
2024-10-22,493.86956787109375,530.9635620117188,27.40999984741211,10.579999923706055,29.899999618530273,24.799999237060547
2024-10-23,486.3016052246094,526.1209716796875,26.700000762939453,10.420000076293945,29.399999618530273,23.600000381469727
2024-10-24,490.24493408203125,527.3092651367188,27.219999313354492,10.930000305175781,30.299999237060547,24.0
2024-10-25,493.2322692871094,527.101318359375,27.059999465942383,10.989999771118164,29.600000381469727,23.200000762939453
2024-10-28,493.31195068359375,528.7453002929688,27.8799991607666,11.1899995803833,30.850000381469727,23.600000381469727
2024-10-29,498.0518798828125,529.5870361328125,28.030000686645508,10.470000267028809,32.20000076293945,24.700000762939453
2024-10-30,494.2878112792969,527.9926147460938,28.209999084472656,11.220000267028809,31.850000381469727,25.0
2024-10-31,481.81060791015625,517.6043090820312,23.489999771118164,11.170000076293945,31.049999237060547,23.600000381469727
2024-11-01,485.3755187988281,519.852294921875,23.969999313354492,11.039999961853027,30.700000762939453,23.700000762939453
2024-11-04,483.9615173339844,518.7233276367188,24.31999969482422,10.90999984741211,29.850000381469727,22.799999237060547
2024-11-05,490.1353759765625,524.9622802734375,24.959999084472656,11.420000076293945,30.799999237060547,22.799999237060547
2024-11-06,503.44903564453125,538.0343627929688,29.860000610351562,11.8100004196167,33.79999923706055,25.5
2024-11-07,511.3753967285156,542.2233276367188,29.360000610351562,11.899999618530273,34.0,27.399999618530273
2024-11-08,511.97296142578125,544.619873046875,30.540000915527344,13.010000228881836,34.0,27.700000762939453
2024-11-11,511.6742248535156,545.0656127929688,32.79999923706055,14.109999656677246,38.650001525878906,31.700000762939453
2024-11-12,510.74810791015625,543.4315795898438,33.0,13.819999694824219,39.79999923706055,31.100000381469727
2024-11-13,510.0909118652344,543.7088623046875,31.90999984741211,13.5,39.849998474121094,29.899999618530273
2024-11-14,506.5459289550781,540.2526245117188,32.220001220703125,13.399999618530273,38.849998474121094,29.200000762939453
2024-11-15,494.4770202636719,533.2808837890625,32.31999969482422,13.630000114440918,40.599998474121094,29.100000381469727
2024-11-18,497.9124450683594,535.4892578125,35.0,13.930000305175781,40.650001525878906,29.799999237060547
2024-11-19,501.3379821777344,537.440185546875,35.2400016784668,14.420000076293945,41.099998474121094,29.200000762939453
2024-11-20,501.0491943359375,537.6383056640625,36.08000183105469,14.670000076293945,41.84000015258789,28.93000030517578
2024-11-21,502.8515625,540.3517456054688,35.09000015258789,15.010000228881836,43.599998474121094,31.639999389648438
2024-11-22,503.65814208984375,542.1638793945312,36.650001525878906,15.600000381469727,44.04999923706055,31.049999237060547
2024-11-25,504.4547424316406,543.9069213867188,37.849998474121094,15.699999809265137,42.15999984741211,33.06999969482422
2024-11-26,507.1632995605469,546.9569702148438,36.41999816894531,15.489999771118164,40.31999969482422,31.290000915527344
2024-11-27,503.170166015625,545.2140502929688,37.650001525878906,16.1200008392334,42.93000030517578,34.279998779296875
2024-11-29,507.5914611816406,548.0859985351562,37.540000915527344,16.40999984741211,43.09000015258789,33.84000015258789
2024-12-02,513.1180419921875,549.6307983398438,37.619998931884766,15.90999984741211,42.459999084472656,34.119998931884766
2024-12-03,514.6914672851562,549.7596435546875,38.63999938964844,15.880000114440918,42.41999816894531,34.060001373291016
2024-12-04,521.0545043945312,553.2256469726562,40.0,16.31999969482422,43.939998626708984,36.70000076293945
2024-12-05,519.610595703125,552.3047485351562,38.91999816894531,15.649999618530273,43.939998626708984,36.099998474121094
2024-12-06,524.2609252929688,553.4039306640625,41.66999816894531,16.020000457763672,45.099998474121094,38.2599983215332
2024-12-09,520.17822265625,550.5221557617188,39.540000915527344,15.569999694824219,42.630001068115234,35.29999923706055
2024-12-10,518.4057006835938,548.9574584960938,37.36000061035156,15.289999961853027,42.75,34.43000030517578
2024-12-11,527.6864013671875,553.1167602539062,37.84000015258789,15.9399995803833,44.939998626708984,36.189998626708984
2024-12-12,524.2808837890625,550.2646484375,39.33000183105469,15.899999618530273,44.34000015258789,36.66999816894531
2024-12-13,528.2938842773438,550.2250366210938,40.20000076293945,16.25,45.11000061035156,36.97999954223633
2024-12-16,535.901611328125,552.3839111328125,43.20000076293945,16.8799991607666,46.939998626708984,38.16999816894531
2024-12-17,533.5416259765625,550.066650390625,41.630001068115234,16.65999984741211,47.29999923706055,37.09000015258789
2024-12-18,514.2930908203125,533.9146728515625,37.08000183105469,15.239999771118164,44.599998474121094,34.790000915527344
2024-12-19,512.0028076171875,533.716552734375,36.939998626708984,15.029999732971191,42.66999816894531,31.829999923706055
2024-12-20,516.4738159179688,539.7574462890625,38.33000183105469,15.350000381469727,42.709999084472656,32.41999816894531
2024-12-23,521.5057373046875,543.62109375,37.5,15.630000114440918,41.209999084472656,32.04999923706055
2024-12-24,528.5772094726562,549.2144165039062,39.58000183105469,16.020000457763672,43.849998474121094,33.040000915527344
2024-12-26,528.2181396484375,549.2044677734375,40.380001068115234,16.600000381469727,42.33000183105469,31.3700008392334
2024-12-27,521.196533203125,543.5118408203125,39.02000045776367,15.979999542236328,41.81999969482422,31.420000076293945
2024-12-30,514.2646484375,537.4615478515625,38.279998779296875,15.630000114440918,41.75,32.0099983215332
2024-12-31,509.8961181640625,535.2957763671875,37.2599983215332,15.399999618530273,41.869998931884766,31.489999771118164
2025-01-02,508.8987121582031,533.95458984375,39.439998626708984,14.130000114440918,43.15999984741211,32.560001373291016
2025-01-03,517.2269897460938,540.8493041992188,41.349998474121094,14.84000015258789,43.599998474121094,33.970001220703125
2025-01-06,523.1713256835938,543.9985961914062,42.709999084472656,15.289999961853027,45.34000015258789,34.75
2025-01-07,513.8358154296875,537.8787841796875,40.560001373291016,14.90999984741211,42.7400016784668,31.950000762939453
2025-01-08,513.925537109375,538.6040649414062,40.810001373291016,14.550000190734863,41.61000061035156,30.93000030517578
2025-01-10,505.86663818359375,530.4078369140625,40.08000183105469,14.149999618530273,41.9900016784668,30.739999771118164
2025-01-13,504.24090576171875,531.0933227539062,39.59000015258789,14.069999694824219,41.4900016784668,29.149999618530273
2025-01-14,503.7621154785156,531.7689208984375,41.7599983215332,14.5,42.77000045776367,30.3700008392334
2025-01-15,515.351806640625,541.4950561523438,45.560001373291016,15.510000228881836,44.150001525878906,32.380001068115234
2025-01-16,511.7413024902344,540.6903076171875,46.08000183105469,16.299999237060547,44.5099983215332,31.450000762939453
2025-01-17,520.378662109375,545.8763427734375,48.150001525878906,16.5,46.43000030517578,33.189998626708984
2025-01-21,523.4306640625,550.84375,50.0,17.899999618530273,47.08000183105469,31.229999542236328
2025-01-22,530.1232299804688,553.97314453125,50.15999984741211,17.59000015258789,46.2599983215332,30.700000762939453
2025-01-23,531.250244140625,557.04296875,50.36000061035156,18.030000686645508,45.810001373291016,30.6200008392334
2025-01-24,528.248046875,555.364013671875,51.119998931884766,17.920000076293945,46.5099983215332,31.399999618530273
2025-01-27,512.8683471679688,547.634765625,47.7400016784668,16.079999923706055,44.91999816894531,29.649999618530273
2025-01-28,520.448486328125,552.224609375,49.400001525878906,16.170000076293945,44.869998931884766,29.149999618530273
2025-01-29,519.4710693359375,549.800537109375,51.150001525878906,15.989999771118164,46.22999954223633,29.59000015258789
2025-01-30,521.6852416992188,552.6716918945312,53.0,16.440000534057617,46.540000915527344,30.489999771118164
2025-01-31,520.9271850585938,549.7210693359375,51.95000076293945,15.779999732971191,45.0099983215332,31.260000228881836
2025-02-03,516.7581176757812,546.11474609375,51.900001525878906,15.399999618530273,44.86000061035156,25.540000915527344
2025-02-04,523.1015014648438,549.7409057617188,52.58000183105469,15.289999961853027,43.77000045776367,25.770000457763672
2025-02-05,525.475341796875,551.99609375,54.20000076293945,15.489999771118164,43.13999938964844,26.059999465942383
2025-02-06,528.2181396484375,553.9830322265625,53.16999816894531,14.800000190734863,42.959999084472656,25.649999618530273
2025-02-07,521.5556030273438,548.5984497070312,55.86000061035156,14.90999984741211,42.41999816894531,24.389999389648438
2025-02-10,527.8690795898438,552.522705078125,56.27000045776367,15.130000114440918,43.18000030517578,25.299999237060547
2025-02-11,526.6123657226562,553.0194091796875,53.34000015258789,14.829999923706055,42.22999954223633,24.489999771118164
2025-02-12,526.9215698242188,551.19140625,55.90999984741211,14.770000457763672,42.9900016784668,25.260000228881836
2025-02-13,534.5017700195312,557.01318359375,63.79999923706055,15.1899995803833,42.65999984741211,25.020000457763672
2025-02-14,536.7459106445312,557.0330810546875,65.27999877929688,16.209999084472656,43.11000061035156,25.739999771118164
2025-02-18,537.962646484375,558.6425170898438,60.439998626708984,16.829999923706055,41.720001220703125,24.790000915527344
2025-02-19,538.1123046875,559.9935913085938,59.22999954223633,16.18000030517578,42.630001068115234,25.65999984741211
2025-02-20,535.8282470703125,557.6390991210938,56.060001373291016,15.5600004196167,43.65999984741211,25.920000076293945
2025-02-21,524.7073974609375,548.1513671875,51.599998474121094,14.670000076293945,42.02000045776367,24.780000686645508
2025-02-24,518.5135498046875,545.5584106445312,49.93000030517578,14.359999656677246,41.63999938964844,24.889999389648438
2025-02-25,511.98065185546875,542.84619140625,45.91999816894531,13.920000076293945,39.040000915527344,23.459999084472656
2025-02-26,513.2174072265625,543.1840209960938,48.849998474121094,14.470000267028809,37.31999969482422,22.0
2025-02-27,498.9646911621094,534.461181640625,48.779998779296875,14.069999694824219,36.93000030517578,21.209999084472656
2025-02-28,506.8441162109375,542.7667236328125,50.099998474121094,14.470000267028809,37.33000183105469,20.920000076293945
2025-03-03,495.75311279296875,533.4180297851562,46.88999938964844,13.569999694824219,38.099998474121094,20.030000686645508
2025-03-04,494.25701904296875,526.9903564453125,46.220001220703125,13.09000015258789,38.5,20.15999984741211
2025-03-05,500.7001647949219,532.9015502929688,48.119998931884766,13.430000305175781,40.08000183105469,21.020000457763672
2025-03-06,486.92620849609375,523.2349243164062,44.84000015258789,12.449999809265137,39.459999084472656,20.75
2025-03-07,490.5068359375,526.0564575195312,44.41999816894531,12.59000015258789,38.540000915527344,20.309999465942383
2025-03-10,471.49658203125,512.1477661132812,35.630001068115234,11.180000305175781,34.9900016784668,17.600000381469727
2025-03-11,470.3695068359375,507.9453430175781,36.36000061035156,11.260000228881836,36.81999969482422,18.360000610351562
2025-03-12,475.6756591796875,510.4091491699219,38.91999816894531,11.920000076293945,36.75,17.68000030517578
2025-03-13,467.1180114746094,503.7428894042969,36.02000045776367,11.390000343322754,35.5,17.399999618530273
2025-03-14,478.4084777832031,514.0850830078125,39.2400016784668,12.09000015258789,37.540000915527344,18.209999084472656
2025-03-17,481.5103454589844,518.0092163085938,42.02000045776367,12.319999694824219,37.45000076293945,18.299999237060547
2025-03-18,473.3018493652344,512.5451049804688,40.099998474121094,11.949999809265137,36.43000030517578,17.93000030517578
2025-03-19,479.6352844238281,517.9298095703125,42.79999923706055,12.729999542236328,37.88999938964844,19.149999618530273
2025-03-20,478.0095520019531,516.7376098632812,43.65999984741211,12.640000343322754,37.310001373291016,18.579999923706055
2025-03-21,479.58538818359375,516.8667602539062,44.36000061035156,12.869999885559082,37.189998626708984,18.59000015258789
2025-03-24,490.10955810546875,525.9371948242188,48.36000061035156,13.720000267028809,39.130001068115234,19.690000534057617
2025-03-25,492.90643310546875,527.1890258789062,48.150001525878906,13.539999961853027,39.08000183105469,19.559999465942383
2025-03-26,483.83660888671875,521.0394287109375,44.72999954223633,13.069999694824219,38.349998474121094,18.829999923706055
2025-03-27,481.0797119140625,519.6058349609375,43.9900016784668,12.199999809265137,38.560001373291016,18.8799991607666
2025-03-28,468.4139404296875,509.2278137207031,41.91999816894531,11.850000381469727,37.06999969482422,17.639999389648438
2025-03-31,468.39398193359375,512.3282470703125,41.619998931884766,11.630000114440918,36.4900016784668,17.219999313354492
2025-04-01,472.16973876953125,514.21240234375,42.15999984741211,11.90999984741211,37.650001525878906,17.989999771118164
2025-04-02,475.6158447265625,517.3128662109375,42.68000030517578,12.3100004196167,38.529998779296875,18.020000457763672
2025-04-03,450.1544494628906,492.6390380859375,38.2599983215332,10.640000343322754,36.310001373291016,16.81999969482422
2025-04-04,422.19586181640625,464.0871887207031,34.5099983215332,9.569999694824219,37.209999084472656,17.049999237060547
2025-04-07,423.2146911621094,462.1332092285156,35.40999984741211,9.859999656677246,34.529998779296875,14.520000457763672
2025-04-08,415.59326171875,455.3341979980469,34.16999816894531,9.5,33.9900016784668,13.770000457763672
2025-04-09,465.47723388671875,497.5638427734375,42.209999084472656,11.390000343322754,36.5,15.4399995803833
2025-04-10,445.6794738769531,480.5762939453125,40.5099983215332,10.520000457763672,35.22999954223633,14.239999771118164
2025-04-11,453.8902282714844,489.0401306152344,43.68000030517578,10.710000038146973,37.15999984741211,14.75
2025-04-14,456.966796875,493.9549865722656,44.13999938964844,10.819999694824219,37.70000076293945,15.430000305175781
2025-04-15,457.4761962890625,492.5692443847656,44.08000183105469,10.9399995803833,37.2400016784668,15.140000343322754
2025-04-16,443.68170166015625,481.7427062988281,40.65999984741211,10.65999984741211,37.380001068115234,14.960000038146973
2025-04-17,443.601806640625,482.4106140136719,41.18000030517578,10.979999542236328,37.650001525878906,14.899999618530273
2025-04-21,432.6241149902344,470.9161071777344,39.849998474121094,10.6899995803833,38.720001220703125,14.829999923706055
2025-04-22,443.98138427734375,482.7994384765625,42.09000015258789,11.270000457763672,40.560001373291016,16.040000915527344
2025-04-23,454.050048828125,490.55548095703125,44.65999984741211,11.739999771118164,41.439998626708984,16.860000610351562
2025-04-24,466.8257141113281,500.8636474609375,48.150001525878906,12.3100004196167,41.4900016784668,16.6299991607666
2025-04-25,472.0298767089844,504.55224609375,49.45000076293945,12.880000114440918,42.29999923706055,17.0
2025-04-28,471.8800354003906,504.861328125,48.93000030517578,13.199999809265137,41.9900016784668,16.940000534057617
2025-04-29,474.9965515136719,507.9218444824219,49.369998931884766,13.270000457763672,42.2400016784668,17.18000030517578
2025-04-30,474.9366149902344,508.17108154296875,49.11000061035156,12.510000228881836,41.709999084472656,16.829999923706055
2025-05-01,481.1396484375,511.76995849609375,46.619998931884766,12.510000228881836,42.790000915527344,17.3799991607666
2025-05-02,488.2816162109375,519.1073608398438,48.59000015258789,12.699999809265137,42.959999084472656,17.34000015258789
2025-05-05,485.3848571777344,516.3956909179688,48.04999923706055,12.859999656677246,41.77000045776367,17.1200008392334
2025-05-06,480.86993408203125,511.9992980957031,48.689998626708984,12.729999542236328,42.04999923706055,16.799999237060547
2025-05-07,482.7578125,514.3121337890625,49.9900016784668,13.010000228881836,42.61000061035156,16.899999618530273
2025-05-08,487.74224853515625,517.7415771484375,54.06999969482422,13.260000228881836,44.88999938964844,19.950000762939453
2025-05-09,487.4225769042969,517.0537109375,54.650001525878906,13.180000305175781,45.75,21.979999542236328
2025-05-12,507.2803039550781,534.2705078125,57.43000030517578,14.039999961853027,45.11000061035156,23.170000076293945
2025-05-13,515.0116577148438,537.7796630859375,62.56999969482422,14.289999961853027,46.45000076293945,25.350000381469727
2025-05-14,518.09814453125,538.4475708007812,61.38999938964844,14.029999732971191,45.77000045776367,24.540000915527344
2025-05-15,518.66748046875,541.0894775390625,60.68000030517578,13.569999694824219,45.70000076293945,23.84000015258789
2025-05-16,520.9249877929688,544.5786743164062,61.7599983215332,13.920000076293945,46.150001525878906,24.440000534057617
2025-05-19,521.4244384765625,545.136962890625,64.2699966430664,13.729999542236328,46.7599983215332,23.739999771118164
2025-05-20,519.6863403320312,543.2029418945312,64.91000366210938,13.270000457763672,47.470001220703125,23.59000015258789
2025-05-21,512.4644165039062,534.1209716796875,63.86000061035156,12.800000190734863,48.15999984741211,23.670000076293945
2025-05-22,513.4234008789062,534.3702392578125,64.7699966430664,13.1899995803833,49.29999923706055,24.84000015258789
2025-05-23,508.668701171875,530.7613525390625,63.16999816894531,13.09000015258789,48.18000030517578,24.149999618530273
2025-05-27,520.63525390625,541.667724609375,66.0199966430664,13.390000343322754,48.72999954223633,25.34000015258789
2025-05-28,518.3278198242188,538.5772094726562,65.13999938964844,13.319999694824219,47.40999984741211,24.65999984741211
2025-05-29,519.3467407226562,540.6508178710938,63.95000076293945,13.170000076293945,46.77000045776367,24.989999771118164
2025-05-30,518.5276489257812,540.092529296875,66.1500015258789,13.300000190734863,46.290000915527344,24.239999771118164
2025-06-02,522.623046875,543.2327880859375,67.9800033569336,13.670000076293945,46.27000045776367,23.8700008392334
2025-06-03,526.7084350585938,546.3133544921875,71.72000122070312,13.65999984741211,47.09000015258789,24.770000457763672
2025-06-04,528.1768188476562,545.9644165039062,72.2699966430664,13.460000038146973,46.5099983215332,24.729999542236328
2025-06-05,524.2012329101562,543.4122924804688,72.51000213623047,13.670000076293945,45.13999938964844,23.829999923706055
2025-06-06,529.3255004882812,548.965087890625,74.87999725341797,14.239999771118164,46.189998626708984,23.420000076293945
2025-06-09,530.1046752929688,549.5533447265625,73.4000015258789,14.100000381469727,48.130001068115234,24.329999923706055
2025-06-10,533.6107177734375,552.6836547851562,72.51000213623047,14.390000343322754,48.54999923706055,26.149999618530273
2025-06-11,531.8126831054688,551.1583862304688,74.87999725341797,15.0600004196167,48.209999084472656,26.520000457763672
2025-06-12,533.061279296875,553.241943359375,73.83999633789062,14.899999618530273,47.29999923706055,25.3799991607666
2025-06-13,526.368896484375,547.0809936523438,72.5999984741211,14.09000015258789,46.61000061035156,23.81999969482422
2025-06-16,533.6906127929688,552.3646850585938,76.75,14.899999618530273,48.16999816894531,25.079999923706055
2025-06-17,528.4865112304688,547.6591796875,74.94999694824219,14.430000305175781,46.40999984741211,23.829999923706055
2025-06-18,528.3965454101562,547.5494995117188,78.3499984741211,15.359999656677246,46.0099983215332,23.5
2025-06-20,526.239013671875,546.0341796875,78.5,15.199999809265137,45.7400016784668,22.75
2025-06-23,531.6500244140625,551.6567993164062,76.3499984741211,15.359999656677246,45.7400016784668,21.809999465942383
2025-06-24,539.780029296875,557.7181396484375,82.01000213623047,15.850000381469727,46.849998474121094,22.950000762939453
2025-06-25,541.1599731445312,557.9972534179688,82.75,16.079999923706055,47.779998779296875,22.90999984741211
2025-06-26,546.219970703125,562.4136352539062,84.5199966430664,16.770000457763672,47.689998626708984,22.959999084472656
2025-06-27,548.0900268554688,565.2050170898438,83.02999877929688,17.18000030517578,47.31999969482422,22.739999771118164
2025-06-30,551.6400146484375,568.030029296875,93.62999725341797,18.209999084472656,47.75,23.719999313354492
2025-07-01,546.989990234375,567.77001953125,92.33000183105469,17.639999389648438,46.65999984741211,22.649999618530273
2025-07-02,550.7999877929688,570.2899780273438,97.9800033569336,18.1200008392334,48.63999938964844,24.559999465942383
2025-07-03,556.219970703125,575.219970703125,94.4000015258789,18.56999969482422,48.40999984741211,24.260000228881836
2025-07-07,552.030029296875,570.6099853515625,93.45999908447266,19.239999771118164,47.88999938964844,23.979999542236328
2025-07-08,552.3400268554688,570.22998046875,91.2699966430664,19.950000762939453,48.20000076293945,24.610000610351562
2025-07-09,556.25,573.6099853515625,94.54000091552734,20.219999313354492,49.56999969482422,26.100000381469727
2025-07-10,555.4500122070312,575.2899780273438,98.69999694824219,20.969999313354492,50.27000045776367,26.579999923706055
2025-07-11,554.2000122070312,573.219970703125,98.33999633789062,21.200000762939453,52.380001068115234,28.3700008392334
2025-07-14,556.2100219726562,574.3499755859375,99.95999908447266,21.329999923706055,53.13999938964844,28.290000915527344
2025-07-15,556.719970703125,571.8599853515625,99.54000091552734,20.959999084472656,51.61000061035156,28.68000030517578
2025-07-16,557.2899780273438,573.739990234375,103.25,21.389999389648438,52.86000061035156,31.899999618530273
2025-07-17,561.7999877929688,577.1799926757812,105.44999694824219,22.09000015258789,52.72999954223633,32.209999084472656
2025-07-18,561.260009765625,576.9199829101562,109.73999786376953,21.809999465942383,52.0,33.52000045776367
2025-07-21,564.1699829101562,577.9500122070312,104.33999633789062,21.15999984741211,51.72999954223633,35.2400016784668
2025-07-22,561.25,577.9500122070312,101.8499984741211,20.979999542236328,52.90999984741211,34.59000015258789
2025-07-23,563.8099975585938,582.8599853515625,102.08000183105469,21.559999465942383,52.4900016784668,33.83000183105469
2025-07-24,565.010009765625,583.260009765625,101.93000030517578,21.510000228881836,52.77000045776367,35.2599983215332
2025-07-25,566.3699951171875,585.5800170898438,104.8499984741211,21.200000762939453,51.77000045776367,34.31999969482422
2025-07-28,568.1400146484375,585.4400024414062,106.7699966430664,21.020000457763672,52.33000183105469,35.779998779296875
2025-07-29,567.260009765625,583.9199829101562,103.31999969482422,22.399999618530273,52.040000915527344,35.45000076293945
2025-07-30,568.02001953125,583.2100219726562,106.0999984741211,21.8700008392334,51.77000045776367,35.43000030517578
2025-07-31,565.010009765625,581.02001953125,103.05000305175781,22.579999923706055,51.70000076293945,35.16999816894531
2025-08-01,553.8800048828125,571.4500122070312,99.9000015258789,21.229999542236328,50.04999923706055,32.97999954223633
